time,event,customers_in_system,customers_in_queue,server_busy,total_arrivals,rejected_arrivals,completed_customers
0.0,start,0,0,0,0,0,0
0.2611701301155267,arrival_service_start,1,0,1,1,0,0
0.2620809638055151,departure,0,0,0,1,0,1
0.2756234304870607,arrival_service_start,1,0,1,2,0,1
0.28816914444991104,arrival_queue,2,1,1,3,0,1
0.30314388888827737,arrival_queue,3,2,1,4,0,1
0.37747862310417474,arrival_queue,4,3,1,5,0,1
0.3950075912038622,arrival_queue,5,4,1,6,0,1
0.4232965270995548,departure,4,3,1,6,0,2
0.5847839846733744,arrival_queue,5,4,1,7,0,2
0.5930786902344813,departure,4,3,1,7,0,3
0.6018791972528652,departure,3,2,1,7,0,4
0.7525592337594468,arrival_queue,4,3,1,8,0,4
0.8099569982765465,departure,3,2,1,8,0,5
0.8531017653597647,departure,2,1,1,8,0,6
0.8674035763291501,departure,1,0,1,8,0,7
0.8850900399557843,arrival_queue,2,1,1,9,0,7
0.9548936751331142,departure,1,0,1,9,0,8
0.986043111017842,arrival_queue,2,1,1,10,0,8
1.0372733978697062,arrival_queue,3,2,1,11,0,8
1.2164508439772157,departure,2,1,1,11,0,9
1.3568632309399342,departure,1,0,1,11,0,10
1.3649872538817958,departure,0,0,0,11,0,11
1.378210569423159,arrival_service_start,1,0,1,12,0,11
1.382937044286519,departure,0,0,0,12,0,12
1.5811851777135706,arrival_service_start,1,0,1,13,0,12
1.6341208522092365,departure,0,0,0,13,0,13
1.70155214605094,arrival_service_start,1,0,1,14,0,13
1.7583485493777424,arrival_queue,2,1,1,15,0,13
1.8196759609607778,departure,1,0,1,15,0,14
1.8253498909442272,arrival_queue,2,1,1,16,0,14
1.8620685624766133,departure,1,0,1,16,0,15
1.938437955561196,departure,0,0,0,16,0,16
1.9577274448481894,arrival_service_start,1,0,1,17,0,16
2.0057504659884504,departure,0,0,0,17,0,17
2.0285083098536814,arrival_service_start,1,0,1,18,0,17
2.1130694743306018,departure,0,0,0,18,0,18
2.1820337113644728,arrival_service_start,1,0,1,19,0,18
2.2137505698498314,arrival_queue,2,1,1,20,0,18
2.357209086969224,departure,1,0,1,20,0,19
2.4042705242444087,departure,0,0,0,20,0,20
2.611268632416995,arrival_service_start,1,0,1,21,0,20
2.7093845854638836,departure,0,0,0,21,0,21
2.7436611028481295,arrival_service_start,1,0,1,22,0,21
2.7467987541652628,departure,0,0,0,22,0,22
2.8482921386279902,arrival_service_start,1,0,1,23,0,22
2.914023166061857,arrival_queue,2,1,1,24,0,22
2.97648679346604,arrival_queue,3,2,1,25,0,22
3.0542032037624116,arrival_queue,4,3,1,26,0,22
3.16971447450916,arrival_queue,5,4,1,27,0,22
3.4275377491062065,departure,4,3,1,27,0,23
3.5011729969883274,departure,3,2,1,27,0,24
3.5467974834722757,arrival_queue,4,3,1,28,0,24
3.5612339858068998,arrival_queue,5,4,1,29,0,24
3.577446808598014,departure,4,3,1,29,0,25
3.63357629616981,departure,3,2,1,29,0,26
3.639442763670222,departure,2,1,1,29,0,27
3.653277124139236,departure,1,0,1,29,0,28
3.9452389987366794,departure,0,0,0,29,0,29
4.268644512715583,arrival_service_start,1,0,1,30,0,29
4.41604340676198,arrival_queue,2,1,1,31,0,29
4.542283348227425,departure,1,0,1,31,0,30
4.673149487082242,departure,0,0,0,31,0,31
4.775747114271019,arrival_service_start,1,0,1,32,0,31
4.834603525178998,arrival_queue,2,1,1,33,0,31
4.919630114200889,departure,1,0,1,33,0,32
5.007301720937662,departure,0,0,0,33,0,33
5.113651628391818,arrival_service_start,1,0,1,34,0,33
5.244223983081116,arrival_queue,2,1,1,35,0,33
5.2662906116243775,arrival_queue,3,2,1,36,0,33
5.307865237592202,arrival_queue,4,3,1,37,0,33
5.321027958057503,arrival_queue,5,4,1,38,0,33
5.347824853127626,departure,4,3,1,38,0,34
5.353860881107722,arrival_queue,5,4,1,39,0,34
5.363936685919567,departure,4,3,1,39,0,35
5.48847886287533,arrival_queue,5,4,1,40,0,35
5.502864941745733,arrival_queue,6,5,1,41,0,35
5.5943510096864575,departure,5,4,1,41,0,36
5.61955922183197,departure,4,3,1,41,0,37
5.8135675658567845,departure,3,2,1,41,0,38
5.819398568651983,departure,2,1,1,41,0,39
5.855836933276383,departure,1,0,1,41,0,40
5.874241734292641,departure,0,0,0,41,0,41
6.036156757889563,arrival_service_start,1,0,1,42,0,41
6.160118343375072,departure,0,0,0,42,0,42
6.209009283067136,arrival_service_start,1,0,1,43,0,42
6.214060741902588,departure,0,0,0,43,0,43
6.340957057331202,arrival_service_start,1,0,1,44,0,43
6.34506897159417,departure,0,0,0,44,0,44
6.562994072709245,arrival_service_start,1,0,1,45,0,44
6.58764440388339,arrival_queue,2,1,1,46,0,44
6.609438112225141,departure,1,0,1,46,0,45
6.646463735857231,arrival_queue,2,1,1,47,0,45
6.673456994174172,departure,1,0,1,47,0,46
6.7490705698353946,departure,0,0,0,47,0,47
6.83921913497444,arrival_service_start,1,0,1,48,0,47
6.907950639951447,arrival_queue,2,1,1,49,0,47
6.916033203958019,arrival_queue,3,2,1,50,0,47
6.952081456174877,departure,2,1,1,50,0,48
6.9861061939277995,departure,1,0,1,50,0,49
6.989807746210048,departure,0,0,0,50,0,50
6.995317827910656,arrival_service_start,1,0,1,51,0,50
7.0034486439955295,departure,0,0,0,51,0,51
7.805269322768356,arrival_service_start,1,0,1,52,0,51
7.8438438250932006,departure,0,0,0,52,0,52
7.8687389574249975,arrival_service_start,1,0,1,53,0,52
7.8751798808970035,departure,0,0,0,53,0,53
7.951925566431566,arrival_service_start,1,0,1,54,0,53
8.02352878261443,arrival_queue,2,1,1,55,0,53
8.137623720062168,arrival_queue,3,2,1,56,0,53
8.188714753961797,arrival_queue,4,3,1,57,0,53
8.21239140722494,departure,3,2,1,57,0,54
8.27734272360031,arrival_queue,4,3,1,58,0,54
8.293477630849168,arrival_queue,5,4,1,59,0,54
8.3794676402811,arrival_queue,6,5,1,60,0,54
8.405419826697479,departure,5,4,1,60,0,55
8.420900651205372,departure,4,3,1,60,0,56
8.45470139624257,departure,3,2,1,60,0,57
8.481475533001957,arrival_queue,4,3,1,61,0,57
8.50924123759122,departure,3,2,1,61,0,58
8.52542390672963,departure,2,1,1,61,0,59
8.639268712955744,departure,1,0,1,61,0,60
8.665454779867572,departure,0,0,0,61,0,61
8.681433141530327,arrival_service_start,1,0,1,62,0,61
8.778249009936715,departure,0,0,0,62,0,62
8.826663516376613,arrival_service_start,1,0,1,63,0,62
8.98557031776783,departure,0,0,0,63,0,63
9.000603170057532,arrival_service_start,1,0,1,64,0,63
9.035826380981135,arrival_queue,2,1,1,65,0,63
9.232620414411247,departure,1,0,1,65,0,64
9.294833343160978,arrival_queue,2,1,1,66,0,64
9.383257744142941,arrival_queue,3,2,1,67,0,64
9.395906816733586,departure,2,1,1,67,0,65
9.516863866024293,arrival_queue,3,2,1,68,0,65
9.600840468423382,departure,2,1,1,68,0,66
9.701834452048061,departure,1,0,1,68,0,67
9.789561808985217,arrival_queue,2,1,1,69,0,67
9.811720901358871,departure,1,0,1,69,0,68
9.97119565492362,departure,0,0,0,69,0,69
9.984632938475821,arrival_service_start,1,0,1,70,0,69
9.991931583388725,arrival_queue,2,1,1,71,0,69
10.003609857707044,arrival_queue,3,2,1,72,0,69
10.024134862720206,departure,2,1,1,72,0,70
10.047930844590963,departure,1,0,1,72,0,71
10.143844654887149,departure,0,0,0,72,0,72
10.514049817529663,arrival_service_start,1,0,1,73,0,72
10.60875776629574,departure,0,0,0,73,0,73
10.640669326492526,arrival_service_start,1,0,1,74,0,73
10.788552351425707,departure,0,0,0,74,0,74
11.0196097624036,arrival_service_start,1,0,1,75,0,74
11.047121392047222,arrival_queue,2,1,1,76,0,74
11.145312602155485,departure,1,0,1,76,0,75
11.162644001928225,departure,0,0,0,76,0,76
11.189960789342615,arrival_service_start,1,0,1,77,0,76
11.238041024236038,arrival_queue,2,1,1,78,0,76
11.2863256413326,departure,1,0,1,78,0,77
11.301881701619672,arrival_queue,2,1,1,79,0,77
11.377922587126326,arrival_queue,3,2,1,80,0,77
11.387499404262503,departure,2,1,1,80,0,78
11.40913307523872,arrival_queue,3,2,1,81,0,78
11.495529045997708,departure,2,1,1,81,0,79
11.540649955372407,departure,1,0,1,81,0,80
11.632839098845489,departure,0,0,0,81,0,81
11.795313194023924,arrival_service_start,1,0,1,82,0,81
11.830359806240592,departure,0,0,0,82,0,82
11.987485042873061,arrival_service_start,1,0,1,83,0,82
12.086291540124995,arrival_queue,2,1,1,84,0,82
12.240634779240887,departure,1,0,1,84,0,83
12.290437356629324,arrival_queue,2,1,1,85,0,83
12.357897359494045,arrival_queue,3,2,1,86,0,83
12.434679922976871,arrival_queue,4,3,1,87,0,83
12.513663244884214,arrival_queue,5,4,1,88,0,83
12.557831159221864,arrival_queue,6,5,1,89,0,83
12.564052743267894,arrival_queue,7,6,1,90,0,83
12.631829040923812,arrival_queue,8,7,1,91,0,83
12.667869458379432,departure,7,6,1,91,0,84
12.768575390337103,departure,6,5,1,91,0,85
12.9358716207798,departure,5,4,1,91,0,86
13.040324865711094,arrival_queue,6,5,1,92,0,86
13.118116930058568,departure,5,4,1,92,0,87
13.238434713409566,arrival_queue,6,5,1,93,0,87
13.278148053048254,arrival_queue,7,6,1,94,0,87
13.314122536702001,arrival_queue,8,7,1,95,0,87
13.323322755182803,departure,7,6,1,95,0,88
13.330003111994849,arrival_queue,8,7,1,96,0,88
13.345381442268431,departure,7,6,1,96,0,89
13.464708817757254,arrival_queue,8,7,1,97,0,89
13.478283169222982,arrival_queue,9,8,1,98,0,89
13.49459809761848,departure,8,7,1,98,0,90
13.564032428564028,arrival_queue,9,8,1,99,0,90
13.60671262007411,arrival_queue,10,9,1,100,0,90
13.620400674067918,arrival_queue,11,10,1,101,0,90
13.624847116623643,arrival_queue,12,11,1,102,0,90
13.694084823940647,arrival_queue,13,12,1,103,0,90
13.701803400751489,departure,12,11,1,103,0,91
13.853818057877964,departure,11,10,1,103,0,92
13.991739484513422,departure,10,9,1,103,0,93
13.99936594704037,departure,9,8,1,103,0,94
14.158961325303698,departure,8,7,1,103,0,95
14.20980828534523,departure,7,6,1,103,0,96
14.233365483023261,departure,6,5,1,103,0,97
14.272256185876664,departure,5,4,1,103,0,98
14.307579305132622,departure,4,3,1,103,0,99
14.309690463573974,arrival_queue,5,4,1,104,0,99
14.31435543416116,arrival_queue,6,5,1,105,0,99
14.316625921798806,arrival_queue,7,6,1,106,0,99
14.37202002988216,arrival_queue,8,7,1,107,0,99
14.397788973009037,departure,7,6,1,107,0,100
14.403733555787772,departure,6,5,1,107,0,101
14.502898337805357,arrival_queue,7,6,1,108,0,101
14.60819368263113,arrival_queue,8,7,1,109,0,101
14.723420860609247,departure,7,6,1,109,0,102
14.780867775083683,departure,6,5,1,109,0,103
14.994708473395841,departure,5,4,1,109,0,104
15.012199029955699,departure,4,3,1,109,0,105
15.03230077980282,arrival_queue,5,4,1,110,0,105
15.048320213176527,arrival_queue,6,5,1,111,0,105
15.05635436188582,arrival_queue,7,6,1,112,0,105
15.202196213044248,departure,6,5,1,112,0,106
15.202619415885563,arrival_queue,7,6,1,113,0,106
15.231420163372377,arrival_queue,8,7,1,114,0,106
15.328370305605834,departure,7,6,1,114,0,107
15.426208556075096,departure,6,5,1,114,0,108
15.713154321098267,departure,5,4,1,114,0,109
15.735442143633783,departure,4,3,1,114,0,110
15.754713087517795,departure,3,2,1,114,0,111
15.772691028235942,departure,2,1,1,114,0,112
15.847018896416039,arrival_queue,3,2,1,115,0,112
15.914193280911869,departure,2,1,1,115,0,113
15.974562195253725,departure,1,0,1,115,0,114
15.974763119871783,departure,0,0,0,115,0,115
16.008342094095564,arrival_service_start,1,0,1,116,0,115
16.01134571500837,departure,0,0,0,116,0,116
16.13861031388006,arrival_service_start,1,0,1,117,0,116
16.159055526945426,arrival_queue,2,1,1,118,0,116
16.192144309052043,arrival_queue,3,2,1,119,0,116
16.19647411411713,arrival_queue,4,3,1,120,0,116
16.1980731208914,arrival_queue,5,4,1,121,0,116
16.218320293806528,departure,4,3,1,121,0,117
16.261063909895157,arrival_queue,5,4,1,122,0,117
16.31615978348985,departure,4,3,1,122,0,118
16.423044427361024,arrival_queue,5,4,1,123,0,118
16.544155395463335,departure,4,3,1,123,0,119
16.630023261146057,departure,3,2,1,123,0,120
16.734062063717154,arrival_queue,4,3,1,124,0,120
16.776951992661825,departure,3,2,1,124,0,121
16.830861745012665,arrival_queue,4,3,1,125,0,121
16.836821567164115,arrival_queue,5,4,1,126,0,121
16.864336598585556,departure,4,3,1,126,0,122
16.895989559652406,departure,3,2,1,126,0,123
17.07827331588107,arrival_queue,4,3,1,127,0,123
17.14012819384429,arrival_queue,5,4,1,128,0,123
17.149035997471888,arrival_queue,6,5,1,129,0,123
17.228604979352056,departure,5,4,1,129,0,124
17.275493095617122,arrival_queue,6,5,1,130,0,124
17.279891588920794,arrival_queue,7,6,1,131,0,124
17.43547033235867,departure,6,5,1,131,0,125
17.5337244330362,departure,5,4,1,131,0,126
17.576817541510433,departure,4,3,1,131,0,127
17.619012620867203,arrival_queue,5,4,1,132,0,127
17.729660681755266,departure,4,3,1,132,0,128
17.73367601776168,departure,3,2,1,132,0,129
17.741095184140782,arrival_queue,4,3,1,133,0,129
17.78599859497276,departure,3,2,1,133,0,130
17.878558691816238,arrival_queue,4,3,1,134,0,130
17.89894482189492,arrival_queue,5,4,1,135,0,130
18.117752495293985,departure,4,3,1,135,0,131
18.119594245720904,arrival_queue,5,4,1,136,0,131
18.660198789398397,departure,4,3,1,136,0,132
18.833370282189346,arrival_queue,5,4,1,137,0,132
18.860032097591958,departure,4,3,1,137,0,133
18.937677241257926,arrival_queue,5,4,1,138,0,133
18.9918420431832,departure,4,3,1,138,0,134
18.996520173456638,arrival_queue,5,4,1,139,0,134
19.040745222443675,departure,4,3,1,139,0,135
19.077474421281146,arrival_queue,5,4,1,140,0,135
19.08625590350509,departure,4,3,1,140,0,136
19.141948105656656,departure,3,2,1,140,0,137
19.273274676960277,departure,2,1,1,140,0,138
19.274549772540944,arrival_queue,3,2,1,141,0,138
19.439237269391725,departure,2,1,1,141,0,139
19.458138474876744,arrival_queue,3,2,1,142,0,139
19.488275691186704,departure,2,1,1,142,0,140
19.503377969923978,departure,1,0,1,142,0,141
19.647133159902246,arrival_queue,2,1,1,143,0,141
19.72476714354234,departure,1,0,1,143,0,142
19.744927893463323,arrival_queue,2,1,1,144,0,142
19.787470575717254,arrival_queue,3,2,1,145,0,142
19.825084067282326,departure,2,1,1,145,0,143
19.92274779894792,departure,1,0,1,145,0,144
20.252456579472394,arrival_queue,2,1,1,146,0,144
20.254995423625576,arrival_queue,3,2,1,147,0,144
20.320250890706802,departure,2,1,1,147,0,145
20.331670043346854,departure,1,0,1,147,0,146
20.335904225839556,departure,0,0,0,147,0,147
20.355029000261187,arrival_service_start,1,0,1,148,0,147
20.532082146465314,arrival_queue,2,1,1,149,0,147
20.595123606963437,departure,1,0,1,149,0,148
20.71137300696867,departure,0,0,0,149,0,149
20.774082687601506,arrival_service_start,1,0,1,150,0,149
20.855458200316207,departure,0,0,0,150,0,150
21.147185889721918,arrival_service_start,1,0,1,151,0,150
21.158462534055065,departure,0,0,0,151,0,151
21.24423816406332,arrival_service_start,1,0,1,152,0,151
21.259964740621502,arrival_queue,2,1,1,153,0,151
21.268378729104075,departure,1,0,1,153,0,152
21.346303686968945,departure,0,0,0,153,0,153
21.8082646202752,arrival_service_start,1,0,1,154,0,153
21.899927497463782,departure,0,0,0,154,0,154
22.198253147738622,arrival_service_start,1,0,1,155,0,154
22.210361861418264,departure,0,0,0,155,0,155
22.37731027104771,arrival_service_start,1,0,1,156,0,155
22.422225796225042,arrival_queue,2,1,1,157,0,155
22.572019403376324,arrival_queue,3,2,1,158,0,155
22.634740967250146,departure,2,1,1,158,0,156
22.665110412018453,departure,1,0,1,158,0,157
22.70294675541629,departure,0,0,0,158,0,158
22.963206659194434,arrival_service_start,1,0,1,159,0,158
22.995270283005503,departure,0,0,0,159,0,159
23.014470824560515,arrival_service_start,1,0,1,160,0,159
23.025311103200153,arrival_queue,2,1,1,161,0,159
23.105521409343904,departure,1,0,1,161,0,160
23.242909597161933,arrival_queue,2,1,1,162,0,160
23.286285582689207,departure,1,0,1,162,0,161
23.33555081567024,departure,0,0,0,162,0,162
23.979395081724626,arrival_service_start,1,0,1,163,0,162
23.99697526971564,arrival_queue,2,1,1,164,0,162
24.018042483299766,departure,1,0,1,164,0,163
24.019367127407214,departure,0,0,0,164,0,164
24.414956351852958,arrival_service_start,1,0,1,165,0,164
24.438054985543072,departure,0,0,0,165,0,165
24.516647708307143,arrival_service_start,1,0,1,166,0,165
24.566564787117926,departure,0,0,0,166,0,166
24.73743725547942,arrival_service_start,1,0,1,167,0,166
24.88331654253239,departure,0,0,0,167,0,167
25.227021507722252,arrival_service_start,1,0,1,168,0,167
25.228653619868776,arrival_queue,2,1,1,169,0,167
25.27916227838536,arrival_queue,3,2,1,170,0,167
25.32124256573074,arrival_queue,4,3,1,171,0,167
25.32387482937302,departure,3,2,1,171,0,168
25.360175542062535,departure,2,1,1,171,0,169
25.360812638181102,departure,1,0,1,171,0,170
25.425534374791866,arrival_queue,2,1,1,172,0,170
25.435973628130217,departure,1,0,1,172,0,171
25.512726004681955,arrival_queue,2,1,1,173,0,171
25.53587570254747,arrival_queue,3,2,1,174,0,171
25.543160535775886,departure,2,1,1,174,0,172
25.658464927906333,departure,1,0,1,174,0,173
25.73972880397207,departure,0,0,0,174,0,174
25.90373959347112,arrival_service_start,1,0,1,175,0,174
25.94573098084032,departure,0,0,0,175,0,175
26.01396048097527,arrival_service_start,1,0,1,176,0,175
26.06395191833806,departure,0,0,0,176,0,176
26.133684965259693,arrival_service_start,1,0,1,177,0,176
26.140379246154144,departure,0,0,0,177,0,177
26.169397555049603,arrival_service_start,1,0,1,178,0,177
26.189245759857723,arrival_queue,2,1,1,179,0,177
26.198123695808107,departure,1,0,1,179,0,178
26.473616811110965,departure,0,0,0,179,0,179
26.639160397035987,arrival_service_start,1,0,1,180,0,179
26.839468410440826,arrival_queue,2,1,1,181,0,179
26.84992547501335,arrival_queue,3,2,1,182,0,179
26.965961887591412,departure,2,1,1,182,0,180
26.975583135187915,departure,1,0,1,182,0,181
27.03605543506355,departure,0,0,0,182,0,182
27.106567932070536,arrival_service_start,1,0,1,183,0,182
27.169594736742155,departure,0,0,0,183,0,183
27.261520898731984,arrival_service_start,1,0,1,184,0,183
27.27095344243766,departure,0,0,0,184,0,184
27.524183983320288,arrival_service_start,1,0,1,185,0,184
27.633169517850227,arrival_queue,2,1,1,186,0,184
27.816307551757212,departure,1,0,1,186,0,185
27.8238675277807,arrival_queue,2,1,1,187,0,185
27.861892156864258,departure,1,0,1,187,0,186
27.862633264293795,departure,0,0,0,187,0,187
27.90588902484974,arrival_service_start,1,0,1,188,0,187
27.93075870796698,departure,0,0,0,188,0,188
27.944490117447472,arrival_service_start,1,0,1,189,0,188
27.96631098189628,departure,0,0,0,189,0,189
28.24980888364706,arrival_service_start,1,0,1,190,0,189
28.34055555845969,departure,0,0,0,190,0,190
28.39613017878063,arrival_service_start,1,0,1,191,0,190
28.406381009578737,departure,0,0,0,191,0,191
28.532286200531235,arrival_service_start,1,0,1,192,0,191
28.585159568952538,departure,0,0,0,192,0,192
28.597595171101652,arrival_service_start,1,0,1,193,0,192
28.66801033714616,arrival_queue,2,1,1,194,0,192
28.672344293670875,arrival_queue,3,2,1,195,0,192
28.680521944871625,arrival_queue,4,3,1,196,0,192
28.711774575618886,departure,3,2,1,196,0,193
28.821608075329156,arrival_queue,4,3,1,197,0,193
28.898261107941156,departure,3,2,1,197,0,194
28.992725391201894,departure,2,1,1,197,0,195
29.028663071954245,arrival_queue,3,2,1,198,0,195
29.100978984738365,departure,2,1,1,198,0,196
29.106822938918118,departure,1,0,1,198,0,197
29.126168140377263,departure,0,0,0,198,0,198
29.207987455664338,arrival_service_start,1,0,1,199,0,198
29.25074602866543,departure,0,0,0,199,0,199
29.442979901279816,arrival_service_start,1,0,1,200,0,199
29.564264950441025,arrival_queue,2,1,1,201,0,199
29.591340478903124,departure,1,0,1,201,0,200
29.598057116217444,arrival_queue,2,1,1,202,0,200
29.80822555861463,departure,1,0,1,202,0,201
29.827863354809434,departure,0,0,0,202,0,202
29.905448807943372,arrival_service_start,1,0,1,203,0,202
29.987506133365635,departure,0,0,0,203,0,203
30.19585115639009,arrival_service_start,1,0,1,204,0,203
30.299523827061538,departure,0,0,0,204,0,204
30.365477364056844,arrival_service_start,1,0,1,205,0,204
30.39871897821294,arrival_queue,2,1,1,206,0,204
30.472464136216814,departure,1,0,1,206,0,205
30.5128831936218,departure,0,0,0,206,0,206
30.718994796074366,arrival_service_start,1,0,1,207,0,206
30.737696494496564,departure,0,0,0,207,0,207
31.022861710272316,arrival_service_start,1,0,1,208,0,207
31.06660213471185,departure,0,0,0,208,0,208
31.101318835761358,arrival_service_start,1,0,1,209,0,208
31.265301505085283,departure,0,0,0,209,0,209
31.513779752629155,arrival_service_start,1,0,1,210,0,209
31.516160477534118,departure,0,0,0,210,0,210
31.775652606472153,arrival_service_start,1,0,1,211,0,210
31.776182267349032,departure,0,0,0,211,0,211
31.99910285353233,arrival_service_start,1,0,1,212,0,211
32.038910723502035,arrival_queue,2,1,1,213,0,211
32.23355831479831,arrival_queue,3,2,1,214,0,211
32.352224490631585,departure,2,1,1,214,0,212
32.377570612589594,departure,1,0,1,214,0,213
32.3900454438156,arrival_queue,2,1,1,215,0,213
32.44180942125127,departure,1,0,1,215,0,214
32.44603645559133,departure,0,0,0,215,0,215
32.60993374340274,arrival_service_start,1,0,1,216,0,215
32.66723276029863,departure,0,0,0,216,0,216
32.72618833457487,arrival_service_start,1,0,1,217,0,216
32.72848902071505,departure,0,0,0,217,0,217
32.7757459450703,arrival_service_start,1,0,1,218,0,217
32.909922209346824,departure,0,0,0,218,0,218
32.93718921179016,arrival_service_start,1,0,1,219,0,218
32.999782447172464,departure,0,0,0,219,0,219
33.033754521301255,arrival_service_start,1,0,1,220,0,219
33.05365393002519,departure,0,0,0,220,0,220
33.06295008774451,arrival_service_start,1,0,1,221,0,220
33.11266978353676,departure,0,0,0,221,0,221
33.11751357151382,arrival_service_start,1,0,1,222,0,221
33.14331238837141,arrival_queue,2,1,1,223,0,221
33.15311455724648,arrival_queue,3,2,1,224,0,221
33.248161871863466,arrival_queue,4,3,1,225,0,221
33.31902154116303,arrival_queue,5,4,1,226,0,221
33.43509277533297,arrival_queue,6,5,1,227,0,221
33.56448778135237,departure,5,4,1,227,0,222
33.61462549240808,arrival_queue,6,5,1,228,0,222
33.662713108726855,departure,5,4,1,228,0,223
33.66885451349484,arrival_queue,6,5,1,229,0,223
33.708939348341325,arrival_queue,7,6,1,230,0,223
33.75752151586797,departure,6,5,1,230,0,224
33.78318259128153,arrival_queue,7,6,1,231,0,224
33.78535781058791,arrival_queue,8,7,1,232,0,224
33.79887267449902,arrival_queue,9,8,1,233,0,224
33.83589384666408,arrival_queue,10,9,1,234,0,224
33.88147505970698,departure,9,8,1,234,0,225
33.92166037830675,arrival_queue,10,9,1,235,0,225
33.94558006771757,arrival_queue,11,10,1,236,0,225
33.94656691726022,departure,10,9,1,236,0,226
33.95002996912331,arrival_queue,11,10,1,237,0,226
33.96896527220786,arrival_queue,12,11,1,238,0,226
34.11977532820299,arrival_queue,13,12,1,239,0,226
34.17529486002235,departure,12,11,1,239,0,227
34.1969665324248,arrival_queue,13,12,1,240,0,227
34.20327598042468,departure,12,11,1,240,0,228
34.20905253967453,departure,11,10,1,240,0,229
34.26346324940379,arrival_queue,12,11,1,241,0,229
34.30592636736805,departure,11,10,1,241,0,230
34.32615521816914,departure,10,9,1,241,0,231
34.339632231822236,departure,9,8,1,241,0,232
34.54266034401745,departure,8,7,1,241,0,233
34.58303672832089,arrival_queue,9,8,1,242,0,233
34.60820910819785,arrival_queue,10,9,1,243,0,233
34.625762386548494,departure,9,8,1,243,0,234
34.62613130376295,departure,8,7,1,243,0,235
34.634446563255366,arrival_queue,9,8,1,244,0,235
34.6695583211732,arrival_queue,10,9,1,245,0,235
34.78346261372093,departure,9,8,1,245,0,236
34.851006376664635,departure,8,7,1,245,0,237
34.93764166795833,departure,7,6,1,245,0,238
34.951703252411846,departure,6,5,1,245,0,239
35.01815140824337,arrival_queue,7,6,1,246,0,239
35.09733102022866,arrival_queue,8,7,1,247,0,239
35.1140517492484,departure,7,6,1,247,0,240
35.2052527883489,departure,6,5,1,247,0,241
35.23763068927598,arrival_queue,7,6,1,248,0,241
35.37077370577022,arrival_queue,8,7,1,249,0,241
35.410767887387394,departure,7,6,1,249,0,242
35.424764942390404,arrival_queue,8,7,1,250,0,242
35.48454622503176,departure,7,6,1,250,0,243
35.54821125086471,departure,6,5,1,250,0,244
35.67381320948916,arrival_queue,7,6,1,251,0,244
35.730619778663154,departure,6,5,1,251,0,245
35.89053672617485,departure,5,4,1,251,0,246
36.0698369192053,departure,4,3,1,251,0,247
36.0909082849272,departure,3,2,1,251,0,248
36.09666784728913,departure,2,1,1,251,0,249
36.20628872912127,arrival_queue,3,2,1,252,0,249
36.24584698539157,departure,2,1,1,252,0,250
36.303260308821564,arrival_queue,3,2,1,253,0,250
36.35848322932366,departure,2,1,1,253,0,251
36.41495162757161,departure,1,0,1,253,0,252
36.51084837461872,departure,0,0,0,253,0,253
36.634510397279996,arrival_service_start,1,0,1,254,0,253
36.726374218244814,arrival_queue,2,1,1,255,0,253
36.74348374122019,departure,1,0,1,255,0,254
36.75048478599513,departure,0,0,0,255,0,255
36.755247327921246,arrival_service_start,1,0,1,256,0,255
36.82492346842937,departure,0,0,0,256,0,256
36.86279130038168,arrival_service_start,1,0,1,257,0,256
37.02232681505725,departure,0,0,0,257,0,257
37.09561618234285,arrival_service_start,1,0,1,258,0,257
37.10773907387018,arrival_queue,2,1,1,259,0,257
37.16662329174525,departure,1,0,1,259,0,258
37.30182618303623,arrival_queue,2,1,1,260,0,258
37.33859260520556,departure,1,0,1,260,0,259
37.45382066937034,departure,0,0,0,260,0,260
37.614871066687265,arrival_service_start,1,0,1,261,0,260
37.65516192919422,departure,0,0,0,261,0,261
37.694097923070395,arrival_service_start,1,0,1,262,0,261
37.722932774413046,arrival_queue,2,1,1,263,0,261
37.77732780817549,departure,1,0,1,263,0,262
37.858384996395024,arrival_queue,2,1,1,264,0,262
37.861957612572134,departure,1,0,1,264,0,263
37.93162324044439,departure,0,0,0,264,0,264
38.13604697067985,arrival_service_start,1,0,1,265,0,264
38.21940429889348,arrival_queue,2,1,1,266,0,264
38.25904431044851,departure,1,0,1,266,0,265
38.29495701511776,arrival_queue,2,1,1,267,0,265
38.41940485881849,arrival_queue,3,2,1,268,0,265
38.47530558396013,departure,2,1,1,268,0,266
38.55735283990604,arrival_queue,3,2,1,269,0,266
38.6179990525228,arrival_queue,4,3,1,270,0,266
38.63267115939149,departure,3,2,1,270,0,267
38.67393058927541,departure,2,1,1,270,0,268
38.68213997808334,departure,1,0,1,270,0,269
38.71466149605957,arrival_queue,2,1,1,271,0,269
38.76973276997849,arrival_queue,3,2,1,272,0,269
38.8139371136677,arrival_queue,4,3,1,273,0,269
38.899675036632566,departure,3,2,1,273,0,270
38.906557791923255,arrival_queue,4,3,1,274,0,270
38.9336659016539,departure,3,2,1,274,0,271
38.992142184783994,arrival_queue,4,3,1,275,0,271
39.09402565244987,arrival_queue,5,4,1,276,0,271
39.145528000702896,arrival_queue,6,5,1,277,0,271
39.15397584078473,departure,5,4,1,277,0,272
39.31524274057565,arrival_queue,6,5,1,278,0,272
39.493721176052695,arrival_queue,7,6,1,279,0,272
39.51546072579758,departure,6,5,1,279,0,273
39.51637206937153,arrival_queue,7,6,1,280,0,273
39.54681795012032,departure,6,5,1,280,0,274
39.561110803586566,departure,5,4,1,280,0,275
39.570144201025556,departure,4,3,1,280,0,276
39.60000943723121,departure,3,2,1,280,0,277
39.60106668527105,arrival_queue,4,3,1,281,0,277
39.62090263171462,arrival_queue,5,4,1,282,0,277
39.69083707267462,departure,4,3,1,282,0,278
39.728697611029304,departure,3,2,1,282,0,279
39.79569692201677,arrival_queue,4,3,1,283,0,279
39.81169115319626,arrival_queue,5,4,1,284,0,279
39.86819926303385,departure,4,3,1,284,0,280
39.90998405141586,departure,3,2,1,284,0,281
40.053861397462796,departure,2,1,1,284,0,282
40.07735625247408,departure,1,0,1,284,0,283
40.11465172568765,departure,0,0,0,284,0,284
40.17551565236928,arrival_service_start,1,0,1,285,0,284
40.28157378053392,arrival_queue,2,1,1,286,0,284
40.29635062493355,departure,1,0,1,286,0,285
40.49370777184466,arrival_queue,2,1,1,287,0,285
40.50571777201577,departure,1,0,1,287,0,286
40.50775630696084,arrival_queue,2,1,1,288,0,286
40.52869792062143,departure,1,0,1,288,0,287
40.55694423955355,departure,0,0,0,288,0,288
40.5681878621251,arrival_service_start,1,0,1,289,0,288
40.59249795637303,departure,0,0,0,289,0,289
40.838459663111315,arrival_service_start,1,0,1,290,0,289
40.854366952675576,arrival_queue,2,1,1,291,0,289
40.85836384353358,departure,1,0,1,291,0,290
40.86351064812034,departure,0,0,0,291,0,291
40.937258013998516,arrival_service_start,1,0,1,292,0,291
40.93768351029246,departure,0,0,0,292,0,292
41.19644335716025,arrival_service_start,1,0,1,293,0,292
41.21018644341892,departure,0,0,0,293,0,293
41.26894077277425,arrival_service_start,1,0,1,294,0,293
41.40277007591688,departure,0,0,0,294,0,294
41.56033238289167,arrival_service_start,1,0,1,295,0,294
41.60228286317542,departure,0,0,0,295,0,295
41.60381417223503,arrival_service_start,1,0,1,296,0,295
41.66955538487335,arrival_queue,2,1,1,297,0,295
41.722454686265216,departure,1,0,1,297,0,296
41.73720616296178,arrival_queue,2,1,1,298,0,296
41.82138274860494,arrival_queue,3,2,1,299,0,296
42.07365018981207,arrival_queue,4,3,1,300,0,296
42.116095076506376,arrival_queue,5,4,1,301,0,296
42.116377505260836,departure,4,3,1,301,0,297
42.12370130101966,departure,3,2,1,301,0,298
42.15895744901422,arrival_queue,4,3,1,302,0,298
42.179120971234966,departure,3,2,1,302,0,299
42.18116313428392,departure,2,1,1,302,0,300
42.187307735884815,departure,1,0,1,302,0,301
42.19310236057098,departure,0,0,0,302,0,302
42.24851486811361,arrival_service_start,1,0,1,303,0,302
42.28592036239791,departure,0,0,0,303,0,303
42.38592775834232,arrival_service_start,1,0,1,304,0,303
42.40233889827853,arrival_queue,2,1,1,305,0,303
42.49247401801986,arrival_queue,3,2,1,306,0,303
42.58656560150777,arrival_queue,4,3,1,307,0,303
42.58781094555493,departure,3,2,1,307,0,304
42.59072278337021,arrival_queue,4,3,1,308,0,304
42.625773544680506,departure,3,2,1,308,0,305
42.7485969258538,departure,2,1,1,308,0,306
42.90451220029101,departure,1,0,1,308,0,307
42.974244071224824,arrival_queue,2,1,1,309,0,307
43.03532179385126,arrival_queue,3,2,1,310,0,307
43.045484687163786,departure,2,1,1,310,0,308
43.06423116020797,arrival_queue,3,2,1,311,0,308
43.111992391623446,arrival_queue,4,3,1,312,0,308
43.15371649344576,departure,3,2,1,312,0,309
43.1545695639934,departure,2,1,1,312,0,310
43.182572941516185,departure,1,0,1,312,0,311
43.240967198694925,departure,0,0,0,312,0,312
43.42799948815163,arrival_service_start,1,0,1,313,0,312
43.49924188382118,arrival_queue,2,1,1,314,0,312
43.54493317804344,departure,1,0,1,314,0,313
43.5509955893839,departure,0,0,0,314,0,314
43.62206100126264,arrival_service_start,1,0,1,315,0,314
43.64655147265534,departure,0,0,0,315,0,315
43.7581906907634,arrival_service_start,1,0,1,316,0,315
43.7600753518648,arrival_queue,2,1,1,317,0,315
43.81120020995168,departure,1,0,1,317,0,316
43.835124131458954,departure,0,0,0,317,0,317
43.955418012085076,arrival_service_start,1,0,1,318,0,317
43.95633426306336,arrival_queue,2,1,1,319,0,317
43.998144464024826,departure,1,0,1,319,0,318
44.02203989102177,arrival_queue,2,1,1,320,0,318
44.10182438296666,departure,1,0,1,320,0,319
44.172496820606725,arrival_queue,2,1,1,321,0,319
44.30955253825391,arrival_queue,3,2,1,322,0,319
44.310735087302014,departure,2,1,1,322,0,320
44.40930941968198,departure,1,0,1,322,0,321
44.43327894249018,departure,0,0,0,322,0,322
44.58286466585404,arrival_service_start,1,0,1,323,0,322
44.63379438513033,arrival_queue,2,1,1,324,0,322
44.72151301328886,departure,1,0,1,324,0,323
44.7270319318291,arrival_queue,2,1,1,325,0,323
44.754718243500356,arrival_queue,3,2,1,326,0,323
44.92146824180196,arrival_queue,4,3,1,327,0,323
44.95366219110634,arrival_queue,5,4,1,328,0,323
44.98432141613058,arrival_queue,6,5,1,329,0,323
44.99297746343335,arrival_queue,7,6,1,330,0,323
45.12409641013248,arrival_queue,8,7,1,331,0,323
45.17540834660435,departure,7,6,1,331,0,324
45.3048876529195,departure,6,5,1,331,0,325
45.355841064177255,departure,5,4,1,331,0,326
45.368285829270064,departure,4,3,1,331,0,327
45.40564281658252,arrival_queue,5,4,1,332,0,327
45.479583544797634,departure,4,3,1,332,0,328
45.54611369703497,arrival_queue,5,4,1,333,0,328
45.54790670546787,arrival_queue,6,5,1,334,0,328
45.61245169661743,arrival_queue,7,6,1,335,0,328
45.66807991266056,departure,6,5,1,335,0,329
45.773326499992166,departure,5,4,1,335,0,330
45.81727312427024,arrival_queue,6,5,1,336,0,330
45.84730799990055,arrival_queue,7,6,1,337,0,330
45.86276511960389,departure,6,5,1,337,0,331
45.9498299134035,departure,5,4,1,337,0,332
45.965685822972226,arrival_queue,6,5,1,338,0,332
46.01561589527653,departure,5,4,1,338,0,333
46.038209877129304,arrival_queue,6,5,1,339,0,333
46.06021719515809,departure,5,4,1,339,0,334
46.154098465666344,departure,4,3,1,339,0,335
46.210229055918624,departure,3,2,1,339,0,336
46.24169374275104,departure,2,1,1,339,0,337
46.30417910452675,departure,1,0,1,339,0,338
46.33509325699709,arrival_queue,2,1,1,340,0,338
46.37444673918638,departure,1,0,1,340,0,339
46.51342797007362,arrival_queue,2,1,1,341,0,339
46.684080425418394,arrival_queue,3,2,1,342,0,339
46.69280473652721,departure,2,1,1,342,0,340
46.71550120539513,departure,1,0,1,342,0,341
46.72353976777368,departure,0,0,0,342,0,342
46.83015937626091,arrival_service_start,1,0,1,343,0,342
46.85177721390537,departure,0,0,0,343,0,343
46.97658174736492,arrival_service_start,1,0,1,344,0,343
47.00779966128313,departure,0,0,0,344,0,344
47.160077666393754,arrival_service_start,1,0,1,345,0,344
47.18012359877726,arrival_queue,2,1,1,346,0,344
47.18260289211201,departure,1,0,1,346,0,345
47.25319369188555,arrival_queue,2,1,1,347,0,345
47.26919711327466,departure,1,0,1,347,0,346
47.28851141658677,departure,0,0,0,347,0,347
47.78762965768112,arrival_service_start,1,0,1,348,0,347
47.82614634559426,departure,0,0,0,348,0,348
47.86620531959028,arrival_service_start,1,0,1,349,0,348
47.99445752543734,arrival_queue,2,1,1,350,0,348
48.02784172586658,departure,1,0,1,350,0,349
48.049676002191184,departure,0,0,0,350,0,350
48.29068835026763,arrival_service_start,1,0,1,351,0,350
48.356764301932635,departure,0,0,0,351,0,351
48.48902908776228,arrival_service_start,1,0,1,352,0,351
48.513882973889366,departure,0,0,0,352,0,352
48.84404385019143,arrival_service_start,1,0,1,353,0,352
48.84607621386931,departure,0,0,0,353,0,353
49.11012826134992,arrival_service_start,1,0,1,354,0,353
49.28654776819009,arrival_queue,2,1,1,355,0,353
49.31707004499277,arrival_queue,3,2,1,356,0,353
49.46376890014725,arrival_queue,4,3,1,357,0,353
49.58979210718578,arrival_queue,5,4,1,358,0,353
49.649451755110086,arrival_queue,6,5,1,359,0,353
49.67701330277445,departure,5,4,1,359,0,354
49.78609686997599,departure,4,3,1,359,0,355
49.816725459280725,departure,3,2,1,359,0,356
49.851242396993385,departure,2,1,1,359,0,357
49.88239481730577,arrival_queue,3,2,1,360,0,357
49.892889517322864,departure,2,1,1,360,0,358
49.99127405291094,departure,1,0,1,360,0,359
50.01147093887683,departure,0,0,0,360,0,360
50.022924133026265,arrival_service_start,1,0,1,361,0,360
50.03363749930876,departure,0,0,0,361,0,361
50.06324592450636,arrival_service_start,1,0,1,362,0,361
50.20148081236221,arrival_queue,2,1,1,363,0,361
50.20631004122107,arrival_queue,3,2,1,364,0,361
50.265102359814676,departure,2,1,1,364,0,362
50.386732518263216,departure,1,0,1,364,0,363
50.39805869110488,departure,0,0,0,364,0,364
50.40706236345488,arrival_service_start,1,0,1,365,0,364
50.418798941567594,departure,0,0,0,365,0,365
50.46529299505269,arrival_service_start,1,0,1,366,0,365
50.470036381249585,arrival_queue,2,1,1,367,0,365
50.51790307736064,departure,1,0,1,367,0,366
50.62042921241557,arrival_queue,2,1,1,368,0,366
50.622816276515614,departure,1,0,1,368,0,367
50.63089071390364,departure,0,0,0,368,0,368
50.93574334403514,arrival_service_start,1,0,1,369,0,368
50.96590614960677,departure,0,0,0,369,0,369
51.004583361892216,arrival_service_start,1,0,1,370,0,369
51.01227658712658,arrival_queue,2,1,1,371,0,369
51.01333165354835,departure,1,0,1,371,0,370
51.09369111272332,departure,0,0,0,371,0,371
51.14620371858382,arrival_service_start,1,0,1,372,0,371
51.26698708123771,departure,0,0,0,372,0,372
51.527802712602565,arrival_service_start,1,0,1,373,0,372
51.53636799986482,arrival_queue,2,1,1,374,0,372
51.55938890329837,departure,1,0,1,374,0,373
51.56326780344941,arrival_queue,2,1,1,375,0,373
51.69951908942932,departure,1,0,1,375,0,374
51.767221194224014,departure,0,0,0,375,0,375
51.82191160206076,arrival_service_start,1,0,1,376,0,375
51.866271752017205,departure,0,0,0,376,0,376
51.98441292710745,arrival_service_start,1,0,1,377,0,376
51.99970183892299,departure,0,0,0,377,0,377
52.21936586579618,arrival_service_start,1,0,1,378,0,377
52.26211761402665,departure,0,0,0,378,0,378
52.302017442711104,arrival_service_start,1,0,1,379,0,378
52.313584413096265,arrival_queue,2,1,1,380,0,378
52.38633118849147,departure,1,0,1,380,0,379
52.507757904909816,arrival_queue,2,1,1,381,0,379
52.53674793617375,arrival_queue,3,2,1,382,0,379
52.766332025798015,arrival_queue,4,3,1,383,0,379
52.853471740635555,departure,3,2,1,383,0,380
52.86720478971699,arrival_queue,4,3,1,384,0,380
52.9122807468615,arrival_queue,5,4,1,385,0,380
53.01037799266522,arrival_queue,6,5,1,386,0,380
53.039947888863175,arrival_queue,7,6,1,387,0,380
53.098452897986746,arrival_queue,8,7,1,388,0,380
53.10329967656917,departure,7,6,1,388,0,381
53.13029739092303,departure,6,5,1,388,0,382
53.14143419717201,arrival_queue,7,6,1,389,0,382
53.21247194038924,arrival_queue,8,7,1,390,0,382
53.2354027854474,arrival_queue,9,8,1,391,0,382
53.2440461073994,departure,8,7,1,391,0,383
53.36548867050078,departure,7,6,1,391,0,384
53.373335233561626,arrival_queue,8,7,1,392,0,384
53.41854894351783,arrival_queue,9,8,1,393,0,384
53.42430998096738,departure,8,7,1,393,0,385
53.58150686164838,departure,7,6,1,393,0,386
53.636653485398334,arrival_queue,8,7,1,394,0,386
53.660085115126826,arrival_queue,9,8,1,395,0,386
53.671718622815156,arrival_queue,10,9,1,396,0,386
53.683376001839086,departure,9,8,1,396,0,387
53.69884877853938,departure,8,7,1,396,0,388
53.77524576463365,departure,7,6,1,396,0,389
53.77897404347851,arrival_queue,8,7,1,397,0,389
53.78643800176652,departure,7,6,1,397,0,390
53.859253209928426,departure,6,5,1,397,0,391
53.87890868104119,departure,5,4,1,397,0,392
53.925357992928326,departure,4,3,1,397,0,393
54.01588872594298,departure,3,2,1,397,0,394
54.061829767109444,departure,2,1,1,397,0,395
54.07975583188691,arrival_queue,3,2,1,398,0,395
54.08936905188718,departure,2,1,1,398,0,396
54.13510589633179,departure,1,0,1,398,0,397
54.27691127798076,departure,0,0,0,398,0,398
54.3288071977884,arrival_service_start,1,0,1,399,0,398
54.433972042992494,arrival_queue,2,1,1,400,0,398
54.54787881164665,arrival_queue,3,2,1,401,0,398
54.556018251906785,departure,2,1,1,401,0,399
54.58468995315707,departure,1,0,1,401,0,400
54.61567239070117,arrival_queue,2,1,1,402,0,400
54.65116520892807,arrival_queue,3,2,1,403,0,400
54.66080242442789,arrival_queue,4,3,1,404,0,400
54.70518836904022,arrival_queue,5,4,1,405,0,400
54.7977722481089,departure,4,3,1,405,0,401
54.81943997132316,departure,3,2,1,405,0,402
54.8474621862271,departure,2,1,1,405,0,403
54.851126710090405,departure,1,0,1,405,0,404
54.870907428242006,departure,0,0,0,405,0,405
54.90884331278159,arrival_service_start,1,0,1,406,0,405
54.922805718209574,arrival_queue,2,1,1,407,0,405
54.98629751835748,arrival_queue,3,2,1,408,0,405
55.040299182049004,departure,2,1,1,408,0,406
55.04996867604484,arrival_queue,3,2,1,409,0,406
55.050910577984894,arrival_queue,4,3,1,410,0,406
55.15569901178594,arrival_queue,5,4,1,411,0,406
55.32514113028966,departure,4,3,1,411,0,407
55.393644919311974,arrival_queue,5,4,1,412,0,407
55.59772533102481,departure,4,3,1,412,0,408
55.64357328412678,departure,3,2,1,412,0,409
55.70359073540428,arrival_queue,4,3,1,413,0,409
55.85028743117919,departure,3,2,1,413,0,410
55.8908885807102,departure,2,1,1,413,0,411
55.90163050368467,arrival_queue,3,2,1,414,0,411
55.92224848198299,departure,2,1,1,414,0,412
55.98946104494907,departure,1,0,1,414,0,413
56.07364739397225,arrival_queue,2,1,1,415,0,413
56.121596394979136,departure,1,0,1,415,0,414
56.21710981719671,arrival_queue,2,1,1,416,0,414
56.25834238515202,arrival_queue,3,2,1,417,0,414
56.34576649351662,departure,2,1,1,417,0,415
56.34728419013801,departure,1,0,1,417,0,416
56.4182985270723,departure,0,0,0,417,0,417
56.44018184322566,arrival_service_start,1,0,1,418,0,417
56.505470011190035,departure,0,0,0,418,0,418
56.55557584950825,arrival_service_start,1,0,1,419,0,418
56.61502838918037,departure,0,0,0,419,0,419
56.638113630705355,arrival_service_start,1,0,1,420,0,419
56.68589302032589,departure,0,0,0,420,0,420
56.792470446449094,arrival_service_start,1,0,1,421,0,420
56.81149754558558,departure,0,0,0,421,0,421
56.86680302698991,arrival_service_start,1,0,1,422,0,421
57.02338325485783,departure,0,0,0,422,0,422
57.0386881291215,arrival_service_start,1,0,1,423,0,422
57.063865040610565,departure,0,0,0,423,0,423
57.212661446516435,arrival_service_start,1,0,1,424,0,423
57.26868218522526,departure,0,0,0,424,0,424
57.28769180479232,arrival_service_start,1,0,1,425,0,424
57.421625189468685,departure,0,0,0,425,0,425
57.6158512699822,arrival_service_start,1,0,1,426,0,425
57.69503353997766,departure,0,0,0,426,0,426
57.76764536755321,arrival_service_start,1,0,1,427,0,426
57.81881817929309,departure,0,0,0,427,0,427
57.82370412804956,arrival_service_start,1,0,1,428,0,427
57.8288683750344,departure,0,0,0,428,0,428
57.93235673672373,arrival_service_start,1,0,1,429,0,428
57.95221814195778,departure,0,0,0,429,0,429
58.035827492866986,arrival_service_start,1,0,1,430,0,429
58.04058732066248,departure,0,0,0,430,0,430
58.371599669694334,arrival_service_start,1,0,1,431,0,430
58.3973696065777,arrival_queue,2,1,1,432,0,430
58.43069467450662,arrival_queue,3,2,1,433,0,430
58.43779392640339,departure,2,1,1,433,0,431
58.44015779945549,arrival_queue,3,2,1,434,0,431
58.448577165532924,arrival_queue,4,3,1,435,0,431
58.56043228058288,departure,3,2,1,435,0,432
58.61070507801528,departure,2,1,1,435,0,433
58.687034580245104,departure,1,0,1,435,0,434
58.83874319704881,arrival_queue,2,1,1,436,0,434
58.84546988390242,arrival_queue,3,2,1,437,0,434
58.89044173490081,departure,2,1,1,437,0,435
58.91461376179537,departure,1,0,1,437,0,436
58.927024982909465,arrival_queue,2,1,1,438,0,436
58.95860174683268,arrival_queue,3,2,1,439,0,436
58.976086755267445,departure,2,1,1,439,0,437
59.00287077783925,departure,1,0,1,439,0,438
59.01392016818488,arrival_queue,2,1,1,440,0,438
59.069461431679656,departure,1,0,1,440,0,439
59.08605380745826,departure,0,0,0,440,0,440
59.26820181657665,arrival_service_start,1,0,1,441,0,440
59.33581528055033,arrival_queue,2,1,1,442,0,440
59.37017834669022,departure,1,0,1,442,0,441
59.37215849074477,arrival_queue,2,1,1,443,0,441
59.379569402336834,departure,1,0,1,443,0,442
59.392338112903765,arrival_queue,2,1,1,444,0,442
59.4079036980535,arrival_queue,3,2,1,445,0,442
59.47982281458043,arrival_queue,4,3,1,446,0,442
59.50613367828833,arrival_queue,5,4,1,447,0,442
59.57492850141565,arrival_queue,6,5,1,448,0,442
59.5792350692009,departure,5,4,1,448,0,443
59.581596490419564,arrival_queue,6,5,1,449,0,443
59.58345440449227,departure,5,4,1,449,0,444
59.597136074737534,departure,4,3,1,449,0,445
59.7553264359613,departure,3,2,1,449,0,446
59.76119497193731,arrival_queue,4,3,1,450,0,446
59.80138241144857,departure,3,2,1,450,0,447
59.81675576661449,departure,2,1,1,450,0,448
59.8787701941531,departure,1,0,1,450,0,449
59.91822586669731,departure,0,0,0,450,0,450
60.110586465357855,arrival_service_start,1,0,1,451,0,450
60.12231688294713,arrival_queue,2,1,1,452,0,450
60.151819159676606,departure,1,0,1,452,0,451
60.190603682594045,departure,0,0,0,452,0,452
60.22711729698884,arrival_service_start,1,0,1,453,0,452
60.297445391487685,departure,0,0,0,453,0,453
60.31129235120642,arrival_service_start,1,0,1,454,0,453
60.39589871777306,arrival_queue,2,1,1,455,0,453
60.50723830692196,arrival_queue,3,2,1,456,0,453
60.61761166407865,departure,2,1,1,456,0,454
60.64740389446851,departure,1,0,1,456,0,455
60.73891229882308,arrival_queue,2,1,1,457,0,455
60.77537410934867,departure,1,0,1,457,0,456
60.83352605225252,departure,0,0,0,457,0,457
61.104939316545895,arrival_service_start,1,0,1,458,0,457
61.17909438095992,arrival_queue,2,1,1,459,0,457
61.209226102233764,arrival_queue,3,2,1,460,0,457
61.233559721752854,departure,2,1,1,460,0,458
61.2716757961753,arrival_queue,3,2,1,461,0,458
61.302404248141826,departure,2,1,1,461,0,459
61.44406366500573,arrival_queue,3,2,1,462,0,459
61.44866269860664,departure,2,1,1,462,0,460
61.49712590948174,arrival_queue,3,2,1,463,0,460
61.51267098905986,departure,2,1,1,463,0,461
61.56225340202056,departure,1,0,1,463,0,462
61.57052748024212,departure,0,0,0,463,0,463
61.74403862474217,arrival_service_start,1,0,1,464,0,463
61.89064837994128,arrival_queue,2,1,1,465,0,463
61.93348446850311,arrival_queue,3,2,1,466,0,463
61.976639980382345,arrival_queue,4,3,1,467,0,463
62.05758648565568,departure,3,2,1,467,0,464
62.19129339678745,arrival_queue,4,3,1,468,0,464
62.20427247219187,departure,3,2,1,468,0,465
62.20817669736407,arrival_queue,4,3,1,469,0,465
62.25021452530554,arrival_queue,5,4,1,470,0,465
62.308397239827435,arrival_queue,6,5,1,471,0,465
62.32191886918359,arrival_queue,7,6,1,472,0,465
62.41826900744819,departure,6,5,1,472,0,466
62.47423916358193,departure,5,4,1,472,0,467
62.55502596848809,departure,4,3,1,472,0,468
62.6486117771812,arrival_queue,5,4,1,473,0,468
62.806327978167126,departure,4,3,1,473,0,469
62.81080708843729,arrival_queue,5,4,1,474,0,469
62.85891715345348,arrival_queue,6,5,1,475,0,469
62.86118281164835,departure,5,4,1,475,0,470
62.89998748729292,departure,4,3,1,475,0,471
62.93445483426644,departure,3,2,1,475,0,472
63.11291908488711,departure,2,1,1,475,0,473
63.14707210657695,arrival_queue,3,2,1,476,0,473
63.1851655348593,arrival_queue,4,3,1,477,0,473
63.20864812131667,arrival_queue,5,4,1,478,0,473
63.23681029676248,departure,4,3,1,478,0,474
63.294718212226336,departure,3,2,1,478,0,475
63.31473113782474,arrival_queue,4,3,1,479,0,475
63.4155406816717,departure,3,2,1,479,0,476
63.47522356106155,arrival_queue,4,3,1,480,0,476
63.47739643166272,arrival_queue,5,4,1,481,0,476
63.49346352505333,departure,4,3,1,481,0,477
63.493875599583156,departure,3,2,1,481,0,478
63.59429885921335,departure,2,1,1,481,0,479
63.64452478339155,arrival_queue,3,2,1,482,0,479
63.81118239264767,departure,2,1,1,482,0,480
63.81265677027251,departure,1,0,1,482,0,481
63.842900748116655,departure,0,0,0,482,0,482
63.8505727282202,arrival_service_start,1,0,1,483,0,482
63.89139243042695,arrival_queue,2,1,1,484,0,482
64.03226863061221,arrival_queue,3,2,1,485,0,482
64.11074598602697,departure,2,1,1,485,0,483
64.12404327144174,departure,1,0,1,485,0,484
64.14638498687562,departure,0,0,0,485,0,485
64.3221279637364,arrival_service_start,1,0,1,486,0,485
64.37982927961765,arrival_queue,2,1,1,487,0,485
64.5902291683575,arrival_queue,3,2,1,488,0,485
64.74021730449581,arrival_queue,4,3,1,489,0,485
64.79240992963027,arrival_queue,5,4,1,490,0,485
64.82751605254482,arrival_queue,6,5,1,491,0,485
64.83950222180309,departure,5,4,1,491,0,486
64.87459806295426,arrival_queue,6,5,1,492,0,486
65.02069454775786,departure,5,4,1,492,0,487
65.08211368800049,departure,4,3,1,492,0,488
65.22422602182775,arrival_queue,5,4,1,493,0,488
65.32887554423698,departure,4,3,1,493,0,489
65.51892757428496,arrival_queue,5,4,1,494,0,489
65.57255080330408,arrival_queue,6,5,1,495,0,489
65.69995972675976,departure,5,4,1,495,0,490
65.7223581120627,arrival_queue,6,5,1,496,0,490
65.73871522235432,departure,5,4,1,496,0,491
65.7680614145997,departure,4,3,1,496,0,492
65.7682379574022,arrival_queue,5,4,1,497,0,492
65.78993805048788,arrival_queue,6,5,1,498,0,492
65.85142240976235,arrival_queue,7,6,1,499,0,492
65.8915242904486,arrival_queue,8,7,1,500,0,492
66.07543446131059,departure,7,6,1,500,0,493
66.11427876895647,departure,6,5,1,500,0,494
66.12309029041401,departure,5,4,1,500,0,495
66.1854797266163,arrival_queue,6,5,1,501,0,495
66.19598611446905,arrival_queue,7,6,1,502,0,495
66.36012143269141,arrival_queue,8,7,1,503,0,495
66.39045527881957,arrival_queue,9,8,1,504,0,495
66.44838876820303,departure,8,7,1,504,0,496
66.55762613365486,departure,7,6,1,504,0,497
66.66977960802049,departure,6,5,1,504,0,498
66.7783373524927,departure,5,4,1,504,0,499
66.78846839741614,departure,4,3,1,504,0,500
66.79117875594109,departure,3,2,1,504,0,501
66.80222589942873,arrival_queue,4,3,1,505,0,501
66.8092807232,departure,3,2,1,505,0,502
66.87069423131719,arrival_queue,4,3,1,506,0,502
66.8823922325123,departure,3,2,1,506,0,503
66.97286936011625,arrival_queue,4,3,1,507,0,503
67.01252305756424,departure,3,2,1,507,0,504
67.1035101956601,departure,2,1,1,507,0,505
67.15897728445984,arrival_queue,3,2,1,508,0,505
67.1608470337876,departure,2,1,1,508,0,506
67.16990624939035,departure,1,0,1,508,0,507
67.17311911813614,departure,0,0,0,508,0,508
67.43798683441528,arrival_service_start,1,0,1,509,0,508
67.44715499719837,departure,0,0,0,509,0,509
67.46620332685778,arrival_service_start,1,0,1,510,0,509
67.47952331892024,departure,0,0,0,510,0,510
67.53625827857816,arrival_service_start,1,0,1,511,0,510
67.65264417554855,arrival_queue,2,1,1,512,0,510
67.66422616357343,arrival_queue,3,2,1,513,0,510
67.67137494255748,arrival_queue,4,3,1,514,0,510
67.77772858735791,departure,3,2,1,514,0,511
67.79437501535851,arrival_queue,4,3,1,515,0,511
67.81344796843516,departure,3,2,1,515,0,512
68.06777795519297,departure,2,1,1,515,0,513
68.121092240644,departure,1,0,1,515,0,514
68.17252693906708,departure,0,0,0,515,0,515
68.17670176634545,arrival_service_start,1,0,1,516,0,515
68.23712790925876,departure,0,0,0,516,0,516
68.3288434190189,arrival_service_start,1,0,1,517,0,516
68.34778362811574,arrival_queue,2,1,1,518,0,516
68.35695347461255,departure,1,0,1,518,0,517
68.54456066481217,departure,0,0,0,518,0,518
68.88749063158967,arrival_service_start,1,0,1,519,0,518
69.37486316007491,arrival_queue,2,1,1,520,0,518
69.44632659437076,departure,1,0,1,520,0,519
69.47344052514117,arrival_queue,2,1,1,521,0,519
69.48348049129106,arrival_queue,3,2,1,522,0,519
69.51435555919167,arrival_queue,4,3,1,523,0,519
69.5433184218151,departure,3,2,1,523,0,520
69.55190193417677,departure,2,1,1,523,0,521
69.55847189456692,arrival_queue,3,2,1,524,0,521
69.57235953269425,departure,2,1,1,524,0,522
69.64499843531333,arrival_queue,3,2,1,525,0,522
69.65665612327774,departure,2,1,1,525,0,523
69.6870325009527,arrival_queue,3,2,1,526,0,523
69.78531487850294,departure,2,1,1,526,0,524
69.805675541602,departure,1,0,1,526,0,525
70.10208214323235,arrival_queue,2,1,1,527,0,525
70.19898868796811,departure,1,0,1,527,0,526
70.22469843136449,departure,0,0,0,527,0,527
70.2549269204279,arrival_service_start,1,0,1,528,0,527
70.30667185695837,departure,0,0,0,528,0,528
70.64089245233474,arrival_service_start,1,0,1,529,0,528
70.70718975748487,departure,0,0,0,529,0,529
70.85519278614126,arrival_service_start,1,0,1,530,0,529
70.86778268610605,departure,0,0,0,530,0,530
71.16146656117088,arrival_service_start,1,0,1,531,0,530
71.31533424303153,departure,0,0,0,531,0,531
71.52022010524647,arrival_service_start,1,0,1,532,0,531
71.52250334005102,departure,0,0,0,532,0,532
71.85557422681656,arrival_service_start,1,0,1,533,0,532
71.97465084507091,departure,0,0,0,533,0,533
72.01845066456745,arrival_service_start,1,0,1,534,0,533
72.04391675874848,departure,0,0,0,534,0,534
72.05540211964689,arrival_service_start,1,0,1,535,0,534
72.06288437955901,departure,0,0,0,535,0,535
72.20020698110646,arrival_service_start,1,0,1,536,0,535
72.20098705143043,arrival_queue,2,1,1,537,0,535
72.23336596795967,arrival_queue,3,2,1,538,0,535
72.23699376831401,departure,2,1,1,538,0,536
72.29563625265719,arrival_queue,3,2,1,539,0,536
72.3044142470738,departure,2,1,1,539,0,537
72.37837362910881,departure,1,0,1,539,0,538
72.68098960643376,departure,0,0,0,539,0,539
72.73999337558016,arrival_service_start,1,0,1,540,0,539
72.86410415317712,departure,0,0,0,540,0,540
72.90028609034641,arrival_service_start,1,0,1,541,0,540
72.90124759873095,arrival_queue,2,1,1,542,0,540
72.90409822184992,departure,1,0,1,542,0,541
73.05176521291426,arrival_queue,2,1,1,543,0,541
73.2835849970657,arrival_queue,3,2,1,544,0,541
73.30002793481208,departure,2,1,1,544,0,542
73.36144639639859,arrival_queue,3,2,1,545,0,542
73.36776597927863,departure,2,1,1,545,0,543
73.54245913700495,arrival_queue,3,2,1,546,0,543
73.56264261948448,arrival_queue,4,3,1,547,0,543
73.67692230778282,arrival_queue,5,4,1,548,0,543
73.6812140327375,departure,4,3,1,548,0,544
73.72637128034837,arrival_queue,5,4,1,549,0,544
73.79695201108142,departure,4,3,1,549,0,545
73.88496320951286,departure,3,2,1,549,0,546
73.88506289228313,departure,2,1,1,549,0,547
73.9259743596163,departure,1,0,1,549,0,548
73.99184666504559,arrival_queue,2,1,1,550,0,548
74.06132844853293,arrival_queue,3,2,1,551,0,548
74.07627948828281,departure,2,1,1,551,0,549
74.13030937279315,departure,1,0,1,551,0,550
74.18224473217883,departure,0,0,0,551,0,551
74.23183728317103,arrival_service_start,1,0,1,552,0,551
74.33430112268421,arrival_queue,2,1,1,553,0,551
74.36462959100088,arrival_queue,3,2,1,554,0,551
74.39146063291692,departure,2,1,1,554,0,552
74.49017385421125,departure,1,0,1,554,0,553
74.49516486804393,arrival_queue,2,1,1,555,0,553
74.50642535343054,arrival_queue,3,2,1,556,0,553
74.52371583548499,arrival_queue,4,3,1,557,0,553
74.52934743202711,departure,3,2,1,557,0,554
74.65215605243873,arrival_queue,4,3,1,558,0,554
74.73546464310276,arrival_queue,5,4,1,559,0,554
74.7789685794594,departure,4,3,1,559,0,555
74.94907738983173,departure,3,2,1,559,0,556
74.96076982880945,departure,2,1,1,559,0,557
75.0383590081726,departure,1,0,1,559,0,558
75.08425083155181,departure,0,0,0,559,0,559
75.51228327596604,arrival_service_start,1,0,1,560,0,559
75.5273697112345,departure,0,0,0,560,0,560
75.5907368541575,arrival_service_start,1,0,1,561,0,560
75.66348974875051,departure,0,0,0,561,0,561
75.66516750930802,arrival_service_start,1,0,1,562,0,561
75.67088633906361,departure,0,0,0,562,0,562
75.70111297558184,arrival_service_start,1,0,1,563,0,562
75.76434583502838,departure,0,0,0,563,0,563
75.82433573714526,arrival_service_start,1,0,1,564,0,563
75.82454196317681,arrival_queue,2,1,1,565,0,563
75.95113962635641,departure,1,0,1,565,0,564
75.96016298547447,arrival_queue,2,1,1,566,0,564
76.07407237384591,departure,1,0,1,566,0,565
76.18745670012996,departure,0,0,0,566,0,566
76.50708297161108,arrival_service_start,1,0,1,567,0,566
76.50927592873882,arrival_queue,2,1,1,568,0,566
76.51112911714888,arrival_queue,3,2,1,569,0,566
76.61148457782139,arrival_queue,4,3,1,570,0,566
76.75723577649252,departure,3,2,1,570,0,567
76.7885531806791,departure,2,1,1,570,0,568
76.91147161309256,departure,1,0,1,570,0,569
77.0277385737837,arrival_queue,2,1,1,571,0,569
77.045054701565,departure,1,0,1,571,0,570
77.1148151009653,departure,0,0,0,571,0,571
77.2836919841709,arrival_service_start,1,0,1,572,0,571
77.34535604753106,departure,0,0,0,572,0,572
77.44904116929641,arrival_service_start,1,0,1,573,0,572
77.46090015961555,arrival_queue,2,1,1,574,0,572
77.47076338739151,arrival_queue,3,2,1,575,0,572
77.51585617784517,arrival_queue,4,3,1,576,0,572
77.51944494483388,arrival_queue,5,4,1,577,0,572
77.61284129998606,arrival_queue,6,5,1,578,0,572
77.6277021835308,arrival_queue,7,6,1,579,0,572
77.70969581349841,departure,6,5,1,579,0,573
77.73656445647646,arrival_queue,7,6,1,580,0,573
77.84222393591068,departure,6,5,1,580,0,574
77.8553438518496,departure,5,4,1,580,0,575
77.88361051848888,departure,4,3,1,580,0,576
77.89801854140626,departure,3,2,1,580,0,577
77.90710743064045,arrival_queue,4,3,1,581,0,577
78.1487070010947,arrival_queue,5,4,1,582,0,577
78.15419364600027,departure,4,3,1,582,0,578
78.18194839606213,arrival_queue,5,4,1,583,0,578
78.20939961608262,departure,4,3,1,583,0,579
78.36639429147603,departure,3,2,1,583,0,580
78.41695034697794,arrival_queue,4,3,1,584,0,580
78.43166935623815,departure,3,2,1,584,0,581
78.46153498569808,arrival_queue,4,3,1,585,0,581
78.68887008050903,departure,3,2,1,585,0,582
78.80664751752008,departure,2,1,1,585,0,583
78.88793676882302,arrival_queue,3,2,1,586,0,583
78.89385926020981,arrival_queue,4,3,1,587,0,583
79.20713466008608,arrival_queue,5,4,1,588,0,583
79.26992056056952,departure,4,3,1,588,0,584
79.32046072495764,arrival_queue,5,4,1,589,0,584
79.36934917369975,arrival_queue,6,5,1,590,0,584
79.57605308345828,arrival_queue,7,6,1,591,0,584
79.60088122234113,departure,6,5,1,591,0,585
79.61448857725205,arrival_queue,7,6,1,592,0,585
79.64751627172815,departure,6,5,1,592,0,586
79.68643282750696,departure,5,4,1,592,0,587
79.78626327570016,arrival_queue,6,5,1,593,0,587
79.79876115312513,departure,5,4,1,593,0,588
79.84554294344137,departure,4,3,1,593,0,589
79.91443687522533,arrival_queue,5,4,1,594,0,589
80.07160957951925,departure,4,3,1,594,0,590
80.0749186360435,departure,3,2,1,594,0,591
80.3315406394401,departure,2,1,1,594,0,592
80.46975868607434,departure,1,0,1,594,0,593
80.58567619707827,arrival_queue,2,1,1,595,0,593
80.59698669767594,departure,1,0,1,595,0,594
80.70809732228916,arrival_queue,2,1,1,596,0,594
80.79079187470205,arrival_queue,3,2,1,597,0,594
80.92005481192308,departure,2,1,1,597,0,595
81.00741428535991,departure,1,0,1,597,0,596
81.06691396905791,departure,0,0,0,597,0,597
81.06933278637769,arrival_service_start,1,0,1,598,0,597
81.14185794838264,arrival_queue,2,1,1,599,0,597
81.17363868762148,departure,1,0,1,599,0,598
81.17515842422395,departure,0,0,0,599,0,599
81.19911660766448,arrival_service_start,1,0,1,600,0,599
81.20006162586779,arrival_queue,2,1,1,601,0,599
81.26116993106936,departure,1,0,1,601,0,600
81.26399594906432,departure,0,0,0,601,0,601
81.79082555562334,arrival_service_start,1,0,1,602,0,601
81.82418582551392,departure,0,0,0,602,0,602
82.29904381517213,arrival_service_start,1,0,1,603,0,602
82.45019607427311,arrival_queue,2,1,1,604,0,602
82.46141248781218,departure,1,0,1,604,0,603
82.46349288957548,departure,0,0,0,604,0,604
82.73380097980953,arrival_service_start,1,0,1,605,0,604
82.79158093436952,departure,0,0,0,605,0,605
82.90920240805943,arrival_service_start,1,0,1,606,0,605
83.09745359000966,arrival_queue,2,1,1,607,0,605
83.10166212857214,arrival_queue,3,2,1,608,0,605
83.27756786119757,arrival_queue,4,3,1,609,0,605
83.4293529936954,arrival_queue,5,4,1,610,0,605
83.56919633150585,departure,4,3,1,610,0,606
83.59520314781732,departure,3,2,1,610,0,607
83.62440785711765,departure,2,1,1,610,0,608
83.64590899081443,arrival_queue,3,2,1,611,0,608
83.65695130518695,departure,2,1,1,611,0,609
83.72451245893188,arrival_queue,3,2,1,612,0,609
83.7456491716116,departure,2,1,1,612,0,610
83.88357385002818,arrival_queue,3,2,1,613,0,610
83.88785903525863,departure,2,1,1,613,0,611
83.91963673353854,departure,1,0,1,613,0,612
84.04118552226272,departure,0,0,0,613,0,613
84.17099451014171,arrival_service_start,1,0,1,614,0,613
84.24646441862122,arrival_queue,2,1,1,615,0,613
84.30878790278577,departure,1,0,1,615,0,614
84.32518402335386,arrival_queue,2,1,1,616,0,614
84.35089092402546,departure,1,0,1,616,0,615
84.3608791312135,arrival_queue,2,1,1,617,0,615
84.37127207670228,departure,1,0,1,617,0,616
84.42763192333835,arrival_queue,2,1,1,618,0,616
84.5268130168766,departure,1,0,1,618,0,617
84.5310395115952,departure,0,0,0,618,0,618
84.56759824485745,arrival_service_start,1,0,1,619,0,618
84.61148293004055,departure,0,0,0,619,0,619
84.69648434454017,arrival_service_start,1,0,1,620,0,619
84.69754849219518,arrival_queue,2,1,1,621,0,619
84.75585755142319,arrival_queue,3,2,1,622,0,619
84.77266423184825,departure,2,1,1,622,0,620
84.80960244165097,departure,1,0,1,622,0,621
84.85313995804049,arrival_queue,2,1,1,623,0,621
84.9495343565985,arrival_queue,3,2,1,624,0,621
85.0743850540834,departure,2,1,1,624,0,622
85.11431657353772,arrival_queue,3,2,1,625,0,622
85.1518185876259,departure,2,1,1,625,0,623
85.19750259921767,departure,1,0,1,625,0,624
85.27838206719096,departure,0,0,0,625,0,625
85.56748476403752,arrival_service_start,1,0,1,626,0,625
85.58297858116572,arrival_queue,2,1,1,627,0,625
85.61007477502504,departure,1,0,1,627,0,626
85.62686709497486,arrival_queue,2,1,1,628,0,626
85.68785565623942,departure,1,0,1,628,0,627
85.71913074279465,arrival_queue,2,1,1,629,0,627
85.84132629824184,arrival_queue,3,2,1,630,0,627
85.85347721149566,departure,2,1,1,630,0,628
85.92913838767679,arrival_queue,3,2,1,631,0,628
85.97272770215204,departure,2,1,1,631,0,629
85.98344140878679,departure,1,0,1,631,0,630
85.98684676152115,arrival_queue,2,1,1,632,0,630
86.08233527514233,arrival_queue,3,2,1,633,0,630
86.09877356228806,departure,2,1,1,633,0,631
86.15927582902187,departure,1,0,1,633,0,632
86.26170336966315,arrival_queue,2,1,1,634,0,632
86.28492668316926,arrival_queue,3,2,1,635,0,632
86.42848134266141,departure,2,1,1,635,0,633
86.59622310874967,departure,1,0,1,635,0,634
86.62074948913241,departure,0,0,0,635,0,635
86.62853631828307,arrival_service_start,1,0,1,636,0,635
86.63495747990824,departure,0,0,0,636,0,636
86.87741862895025,arrival_service_start,1,0,1,637,0,636
86.92726006965972,departure,0,0,0,637,0,637
87.01938290738127,arrival_service_start,1,0,1,638,0,637
87.10857064858138,departure,0,0,0,638,0,638
87.11020552859883,arrival_service_start,1,0,1,639,0,638
87.11974165019117,departure,0,0,0,639,0,639
87.24004665620568,arrival_service_start,1,0,1,640,0,639
87.24401560241836,departure,0,0,0,640,0,640
87.41448809514968,arrival_service_start,1,0,1,641,0,640
87.43916594744346,arrival_queue,2,1,1,642,0,640
87.60281256636065,departure,1,0,1,642,0,641
87.71508482003476,departure,0,0,0,642,0,642
88.1254459490211,arrival_service_start,1,0,1,643,0,642
88.17521148462191,departure,0,0,0,643,0,643
88.22116688968299,arrival_service_start,1,0,1,644,0,643
88.2323449815671,departure,0,0,0,644,0,644
88.24301626568928,arrival_service_start,1,0,1,645,0,644
88.26660306126216,arrival_queue,2,1,1,646,0,644
88.2672834268046,departure,1,0,1,646,0,645
88.39339829456836,arrival_queue,2,1,1,647,0,645
88.46172690298792,departure,1,0,1,647,0,646
88.47118904666578,departure,0,0,0,647,0,647
88.65929140864336,arrival_service_start,1,0,1,648,0,647
88.6926465136741,arrival_queue,2,1,1,649,0,647
88.69845576733798,departure,1,0,1,649,0,648
88.76641527972227,arrival_queue,2,1,1,650,0,648
88.85322843535738,arrival_queue,3,2,1,651,0,648
88.8596288931336,arrival_queue,4,3,1,652,0,648
88.92770061558551,departure,3,2,1,652,0,649
88.94714102429714,departure,2,1,1,652,0,650
89.02957494833858,departure,1,0,1,652,0,651
89.14256856104976,departure,0,0,0,652,0,652
89.37832383554118,arrival_service_start,1,0,1,653,0,652
89.41254474855431,departure,0,0,0,653,0,653
89.64602334876217,arrival_service_start,1,0,1,654,0,653
89.74813694831454,departure,0,0,0,654,0,654
89.91056364910452,arrival_service_start,1,0,1,655,0,654
89.93533895414089,departure,0,0,0,655,0,655
89.93558877728037,arrival_service_start,1,0,1,656,0,655
89.97974952173278,departure,0,0,0,656,0,656
90.01539292382385,arrival_service_start,1,0,1,657,0,656
90.14278233505364,departure,0,0,0,657,0,657
90.33279051042305,arrival_service_start,1,0,1,658,0,657
90.40908226983454,arrival_queue,2,1,1,659,0,657
90.42227533161262,arrival_queue,3,2,1,660,0,657
90.4358946304325,arrival_queue,4,3,1,661,0,657
90.44584512933812,departure,3,2,1,661,0,658
90.57483712083615,departure,2,1,1,661,0,659
90.72514303647034,arrival_queue,3,2,1,662,0,659
90.75702640271754,departure,2,1,1,662,0,660
90.77211995286183,departure,1,0,1,662,0,661
90.78012385000889,departure,0,0,0,662,0,662
90.78724025939471,arrival_service_start,1,0,1,663,0,662
90.78748527419609,departure,0,0,0,663,0,663
90.82793694958018,arrival_service_start,1,0,1,664,0,663
90.871015216642,departure,0,0,0,664,0,664
90.87642895190848,arrival_service_start,1,0,1,665,0,664
90.90002121966053,arrival_queue,2,1,1,666,0,664
90.9868802510796,arrival_queue,3,2,1,667,0,664
91.0548335945587,departure,2,1,1,667,0,665
91.08488539100183,departure,1,0,1,667,0,666
91.10769209700861,departure,0,0,0,667,0,667
91.43413527784816,arrival_service_start,1,0,1,668,0,667
91.560418923907,departure,0,0,0,668,0,668
91.63436733283662,arrival_service_start,1,0,1,669,0,668
91.70178263580418,departure,0,0,0,669,0,669
91.73675242891399,arrival_service_start,1,0,1,670,0,669
91.78244888718761,departure,0,0,0,670,0,670
92.66995598012744,arrival_service_start,1,0,1,671,0,670
92.80781292234701,departure,0,0,0,671,0,671
93.00681750528766,arrival_service_start,1,0,1,672,0,671
93.04620759527756,arrival_queue,2,1,1,673,0,671
93.09287314785884,departure,1,0,1,673,0,672
93.09858144018547,arrival_queue,2,1,1,674,0,672
93.30692747536716,departure,1,0,1,674,0,673
93.39943981103255,arrival_queue,2,1,1,675,0,673
93.43809045520263,departure,1,0,1,675,0,674
93.50414210734273,arrival_queue,2,1,1,676,0,674
93.50434734308729,arrival_queue,3,2,1,677,0,674
93.52085360661668,departure,2,1,1,677,0,675
93.54951512608078,arrival_queue,3,2,1,678,0,675
93.65178556914846,departure,2,1,1,678,0,676
93.73559902105002,departure,1,0,1,678,0,677
93.75259064750865,departure,0,0,0,678,0,678
93.7985171762209,arrival_service_start,1,0,1,679,0,678
93.91336301294794,departure,0,0,0,679,0,679
93.94122076734033,arrival_service_start,1,0,1,680,0,679
93.99282385139693,departure,0,0,0,680,0,680
94.09275032354144,arrival_service_start,1,0,1,681,0,680
94.1758811990302,departure,0,0,0,681,0,681
94.2835991744464,arrival_service_start,1,0,1,682,0,681
94.29057977596217,departure,0,0,0,682,0,682
94.47305711180653,arrival_service_start,1,0,1,683,0,682
94.53544855927429,arrival_queue,2,1,1,684,0,682
94.57353087180122,arrival_queue,3,2,1,685,0,682
94.61612105310127,departure,2,1,1,685,0,683
94.65735333234369,departure,1,0,1,685,0,684
94.76089415224276,departure,0,0,0,685,0,685
94.87621037876966,arrival_service_start,1,0,1,686,0,685
95.05231190042822,arrival_queue,2,1,1,687,0,685
95.07494904014902,arrival_queue,3,2,1,688,0,685
95.0906862385265,departure,2,1,1,688,0,686
95.19974481547744,departure,1,0,1,688,0,687
95.310079188132,departure,0,0,0,688,0,688
95.46829961995608,arrival_service_start,1,0,1,689,0,688
95.46884132108806,departure,0,0,0,689,0,689
95.61267271177176,arrival_service_start,1,0,1,690,0,689
95.61791314478573,departure,0,0,0,690,0,690
95.68260232802045,arrival_service_start,1,0,1,691,0,690
95.72226227211941,arrival_queue,2,1,1,692,0,690
95.73427224600185,departure,1,0,1,692,0,691
95.74574549723722,arrival_queue,2,1,1,693,0,691
95.76844217490313,arrival_queue,3,2,1,694,0,691
95.82543749557685,departure,2,1,1,694,0,692
95.82783580166293,departure,1,0,1,694,0,693
95.94025393991434,arrival_queue,2,1,1,695,0,693
96.00070636334148,departure,1,0,1,695,0,694
96.03843556585932,departure,0,0,0,695,0,695
96.04071216407884,arrival_service_start,1,0,1,696,0,695
96.08800291966598,departure,0,0,0,696,0,696
96.1601914168008,arrival_service_start,1,0,1,697,0,696
96.20558953069019,arrival_queue,2,1,1,698,0,696
96.24576411149964,departure,1,0,1,698,0,697
96.38284480221239,arrival_queue,2,1,1,699,0,697
96.41219437040732,arrival_queue,3,2,1,700,0,697
96.44049122101178,departure,2,1,1,700,0,698
96.46119946822752,arrival_queue,3,2,1,701,0,698
96.48413316434758,arrival_queue,4,3,1,702,0,698
96.6228168821953,arrival_queue,5,4,1,703,0,698
96.67456701839525,arrival_queue,6,5,1,704,0,698
96.7619458060455,arrival_queue,7,6,1,705,0,698
96.81741231197023,departure,6,5,1,705,0,699
96.8572700004131,arrival_queue,7,6,1,706,0,699
96.8692797656269,arrival_queue,8,7,1,707,0,699
97.00401294374706,departure,7,6,1,707,0,700
97.0144375657643,departure,6,5,1,707,0,701
97.087132083382,arrival_queue,7,6,1,708,0,701
97.12040280866582,arrival_queue,8,7,1,709,0,701
97.13087718686103,departure,7,6,1,709,0,702
97.13835634110379,departure,6,5,1,709,0,703
97.13986167917334,arrival_queue,7,6,1,710,0,703
97.2674532044987,departure,6,5,1,710,0,704
97.33396012459161,arrival_queue,7,6,1,711,0,704
97.40905650800688,arrival_queue,8,7,1,712,0,704
97.4226174868294,departure,7,6,1,712,0,705
97.44189704540678,departure,6,5,1,712,0,706
97.54508623500298,departure,5,4,1,712,0,707
97.54662502853914,arrival_queue,6,5,1,713,0,707
97.57885617939468,departure,5,4,1,713,0,708
97.61767956989407,departure,4,3,1,713,0,709
97.66702380137039,departure,3,2,1,713,0,710
97.67678391534012,departure,2,1,1,713,0,711
97.68434073440609,arrival_queue,3,2,1,714,0,711
97.7296873950744,arrival_queue,4,3,1,715,0,711
97.77788324337808,arrival_queue,5,4,1,716,0,711
97.87713228666217,departure,4,3,1,716,0,712
97.89556299171632,departure,3,2,1,716,0,713
97.92741904670275,arrival_queue,4,3,1,717,0,713
97.94547142753495,departure,3,2,1,717,0,714
97.96081097103574,departure,2,1,1,717,0,715
97.98965641097298,departure,1,0,1,717,0,716
98.07790483936105,departure,0,0,0,717,0,717
98.08003718367706,arrival_service_start,1,0,1,718,0,717
98.08910732677803,arrival_queue,2,1,1,719,0,717
98.17303795211996,departure,1,0,1,719,0,718
98.30244085500848,arrival_queue,2,1,1,720,0,718
98.35045557988828,arrival_queue,3,2,1,721,0,718
98.37435220470755,arrival_queue,4,3,1,722,0,718
98.39180387159819,departure,3,2,1,722,0,719
98.47828485022536,departure,2,1,1,722,0,720
98.47983689384002,arrival_queue,3,2,1,723,0,720
98.58455723714052,departure,2,1,1,723,0,721
98.58493582077875,arrival_queue,3,2,1,724,0,721
98.60337250035116,departure,2,1,1,724,0,722
98.65580045299494,departure,1,0,1,724,0,723
98.78629949339991,arrival_queue,2,1,1,725,0,723
98.9131311389791,departure,1,0,1,725,0,724
98.93211134168057,departure,0,0,0,725,0,725
99.00989298706601,arrival_service_start,1,0,1,726,0,725
99.09714007112544,departure,0,0,0,726,0,726
99.1171566789915,arrival_service_start,1,0,1,727,0,726
99.17165437550939,arrival_queue,2,1,1,728,0,726
99.30940407261836,departure,1,0,1,728,0,727
99.34536529745938,departure,0,0,0,728,0,728
99.48811723736394,arrival_service_start,1,0,1,729,0,728
99.528045276186,arrival_queue,2,1,1,730,0,728
99.56549152966019,arrival_queue,3,2,1,731,0,728
99.60151662648094,arrival_queue,4,3,1,732,0,728
99.6308782985839,departure,3,2,1,732,0,729
99.66853313483936,departure,2,1,1,732,0,730
99.69926346518815,departure,1,0,1,732,0,731
99.75296737450677,arrival_queue,2,1,1,733,0,731
99.79060805051782,arrival_queue,3,2,1,734,0,731
99.90840678504824,departure,2,1,1,734,0,732
99.95924653095742,arrival_queue,3,2,1,735,0,732
99.97539781334481,departure,2,1,1,735,0,733
