factor_arribo,tasa_arribo,tasa_servicio,rho,capacidad_cola,modelo_cola,tiempo_simulacion,replicas,estado_teorico,metrica,media,desvio_estandar,semiancho_ic95,teoria,error_porcentual
0.25,2.5,10.0,0.25,infinita,M/M/1,10000.0,10,capacidad_infinita_regimen_estacionario,promedio_clientes_sistema,0.3332055085839744,0.003636474581921427,0.0026011964755391784,0.3333333333333333,-0.03834742480767206
0.25,2.5,10.0,0.25,infinita,M/M/1,10000.0,10,capacidad_infinita_regimen_estacionario,promedio_clientes_cola,0.08288825612442825,0.002161891336704687,0.0015464164533122045,0.08333333333333333,-0.534092650686091
0.25,2.5,10.0,0.25,infinita,M/M/1,10000.0,10,capacidad_infinita_regimen_estacionario,tiempo_promedio_sistema,0.13291903794631,0.0008734695831521909,0.0006247990876882875,0.13333333333333333,-0.31072154026750426
0.25,2.5,10.0,0.25,infinita,M/M/1,10000.0,10,capacidad_infinita_regimen_estacionario,tiempo_promedio_cola,0.033062168720301786,0.0006709365559228655,0.00047992575371029,0.03333333333333333,-0.8134938390946395
0.25,2.5,10.0,0.25,infinita,M/M/1,10000.0,10,capacidad_infinita_regimen_estacionario,utilizacion_servidor,0.25031725245954617,0.0017536937204316349,0.0012544297566220476,0.25,0.1269009838184676
0.25,2.5,10.0,0.25,infinita,M/M/1,10000.0,10,capacidad_infinita_regimen_estacionario,probabilidad_denegacion,0.0,0.0,0.0,0.0,0.0
0.25,2.5,10.0,0.25,0,M/M/1/K,10000.0,10,capacidad_finita_regimen_estacionario,promedio_clientes_sistema,0.19938457702611384,0.0018916885771393186,0.0013531384721167394,0.2,-0.30771148694308526
0.25,2.5,10.0,0.25,0,M/M/1/K,10000.0,10,capacidad_finita_regimen_estacionario,promedio_clientes_cola,0.0,0.0,0.0,0.0,0.0
0.25,2.5,10.0,0.25,0,M/M/1/K,10000.0,10,capacidad_finita_regimen_estacionario,tiempo_promedio_sistema,0.0998861885871435,0.0010626826777627727,0.0007601445778709384,0.1,-0.11381141285650431
0.25,2.5,10.0,0.25,0,M/M/1/K,10000.0,10,capacidad_finita_regimen_estacionario,tiempo_promedio_cola,0.0,0.0,0.0,0.0,0.0
0.25,2.5,10.0,0.25,0,M/M/1/K,10000.0,10,capacidad_finita_regimen_estacionario,utilizacion_servidor,0.19938457702611384,0.0018916885771393186,0.0013531384721167394,0.19999999999999996,-0.30771148694305755
0.25,2.5,10.0,0.25,0,M/M/1/K,10000.0,10,capacidad_finita_regimen_estacionario,probabilidad_denegacion,0.19936427751854585,0.0026381113306764973,0.0018870600469891993,0.2,-0.3178612407270798
0.25,2.5,10.0,0.25,2,M/M/1/K,10000.0,10,capacidad_finita_regimen_estacionario,promedio_clientes_sistema,0.31826137740063104,0.0032957730610913252,0.0023574902223455056,0.3176470588235294,0.1933965890875555
0.25,2.5,10.0,0.25,2,M/M/1/K,10000.0,10,capacidad_finita_regimen_estacionario,promedio_clientes_cola,0.07096658887094091,0.0020697650963394172,0.0014805178896499789,0.07058823529411765,0.5360009004996291
0.25,2.5,10.0,0.25,2,M/M/1/K,10000.0,10,capacidad_finita_regimen_estacionario,tiempo_promedio_sistema,0.12882566453995148,0.0011637753228837624,0.0008324568754733895,0.12857142857142856,0.19773908662893785
0.25,2.5,10.0,0.25,2,M/M/1/K,10000.0,10,capacidad_finita_regimen_estacionario,tiempo_promedio_cola,0.028722877235630738,0.0007960691064713434,0.0005694339689141331,0.02857142857142857,0.5300703247075861
0.25,2.5,10.0,0.25,2,M/M/1/K,10000.0,10,capacidad_finita_regimen_estacionario,utilizacion_servidor,0.2472947885296901,0.001401778640200705,0.0010027023635758665,0.24705882352941178,0.0955096429698033
0.25,2.5,10.0,0.25,2,M/M/1/K,10000.0,10,capacidad_finita_regimen_estacionario,probabilidad_denegacion,0.011760250139321766,0.001270946430470206,0.0009091171410832182,0.011764705882352941,-0.03787381576498931
0.25,2.5,10.0,0.25,5,M/M/1/K,10000.0,10,capacidad_finita_regimen_estacionario,promedio_clientes_sistema,0.3330594554316276,0.0031394056425967276,0.0022456394809985403,0.33290606116095955,0.04607734390089898
0.25,2.5,10.0,0.25,5,M/M/1/K,10000.0,10,capacidad_finita_regimen_estacionario,promedio_clientes_cola,0.08291348204813269,0.001972580228433932,0.0014110008532520737,0.0829518403222853,-0.04624161923783207
0.25,2.5,10.0,0.25,5,M/M/1/K,10000.0,10,capacidad_finita_regimen_estacionario,tiempo_promedio_sistema,0.13331825022701654,0.0011361628599258944,0.0008127054817240591,0.1331868131868132,0.09868622655532255
0.25,2.5,10.0,0.25,5,M/M/1/K,10000.0,10,capacidad_finita_regimen_estacionario,tiempo_promedio_cola,0.03318542262555814,0.0008349525103161368,0.0005972475479065103,0.033186813186813185,-0.004190101795007153
0.25,2.5,10.0,0.25,5,M/M/1/K,10000.0,10,capacidad_finita_regimen_estacionario,utilizacion_servidor,0.2501459733834949,0.0019786172365233597,0.001415319168645529,0.24995422083867425,0.07671506573375259
0.25,2.5,10.0,0.25,5,M/M/1/K,10000.0,10,capacidad_finita_regimen_estacionario,probabilidad_denegacion,0.0001641632957808422,0.000102779785783311,7.351912147697694e-05,0.00018311664530305805,-10.350424174082075
0.25,2.5,10.0,0.25,10,M/M/1/K,10000.0,10,capacidad_finita_regimen_estacionario,promedio_clientes_sistema,0.3338395576773715,0.004419252834909069,0.003161123401172826,0.3333326180775534,0.1520822062784683
0.25,2.5,10.0,0.25,10,M/M/1/K,10000.0,10,capacidad_finita_regimen_estacionario,promedio_clientes_cola,0.08319535246075574,0.0025202786507978916,0.0018027734818837132,0.08333266278103964,-0.16477371021334977
0.25,2.5,10.0,0.25,10,M/M/1/K,10000.0,10,capacidad_finita_regimen_estacionario,tiempo_promedio_sistema,0.1334670643100029,0.0016355105864435588,0.0011698925091664291,0.1333330710728338,0.10049512554610116
0.25,2.5,10.0,0.25,10,M/M/1/K,10000.0,10,capacidad_finita_regimen_estacionario,tiempo_promedio_cola,0.03326055391645116,0.0009754350153020638,0.0006977356961424393,0.03333307107283379,-0.21755318081606684
0.25,2.5,10.0,0.25,10,M/M/1/K,10000.0,10,capacidad_finita_regimen_estacionario,utilizacion_servidor,0.2506442052166157,0.002254480658555243,0.0016126462624981588,0.24999995529651375,0.25770001412112603
0.25,2.5,10.0,0.25,10,M/M/1/K,10000.0,10,capacidad_finita_regimen_estacionario,probabilidad_denegacion,0.0,0.0,0.0,1.7881394498431355e-07,-100.0
0.25,2.5,10.0,0.25,50,M/M/1/K,10000.0,10,capacidad_finita_regimen_estacionario,promedio_clientes_sistema,0.33374499530366697,0.003964392357287464,0.0028357584234734025,0.3333333333333333,0.12349859110009631
0.25,2.5,10.0,0.25,50,M/M/1/K,10000.0,10,capacidad_finita_regimen_estacionario,promedio_clientes_cola,0.0832755530571884,0.0027915473376508536,0.0019968139285498443,0.08333333333333333,-0.06933633137392037
0.25,2.5,10.0,0.25,50,M/M/1/K,10000.0,10,capacidad_finita_regimen_estacionario,tiempo_promedio_sistema,0.13340444673080337,0.0013469282978502593,0.0009634675184009801,0.13333333333333333,0.05333504810253048
0.25,2.5,10.0,0.25,50,M/M/1/K,10000.0,10,capacidad_finita_regimen_estacionario,tiempo_promedio_cola,0.03328770223277457,0.0011149190836916938,0.0007975096554855741,0.03333333333333333,-0.13689330167628022
0.25,2.5,10.0,0.25,50,M/M/1/K,10000.0,10,capacidad_finita_regimen_estacionario,utilizacion_servidor,0.2504694422464786,0.0022102926344293333,0.0015810382503897325,0.25,0.18777689859144076
0.25,2.5,10.0,0.25,50,M/M/1/K,10000.0,10,capacidad_finita_regimen_estacionario,probabilidad_denegacion,0.0,0.0,0.0,1.4791141972893971e-31,0.0
0.5,5.0,10.0,0.5,infinita,M/M/1,10000.0,10,capacidad_infinita_regimen_estacionario,promedio_clientes_sistema,1.0067872772776456,0.010398305793618745,0.007437983071958709,1.0,0.6787277277645609
0.5,5.0,10.0,0.5,infinita,M/M/1,10000.0,10,capacidad_infinita_regimen_estacionario,promedio_clientes_cola,0.5052404841811224,0.008384482556702395,0.005997480797511932,0.5,1.048096836224488
0.5,5.0,10.0,0.5,infinita,M/M/1,10000.0,10,capacidad_infinita_regimen_estacionario,tiempo_promedio_sistema,0.2008694692366833,0.0018190973932855044,0.0013012134751610375,0.2,0.43473461834164784
0.5,5.0,10.0,0.5,infinita,M/M/1,10000.0,10,capacidad_infinita_regimen_estacionario,tiempo_promedio_cola,0.10080256633842151,0.0015447478782415743,0.0011049692898872094,0.1,0.8025663384215037
0.5,5.0,10.0,0.5,infinita,M/M/1,10000.0,10,capacidad_infinita_regimen_estacionario,utilizacion_servidor,0.5015467930965232,0.0026361422390003037,0.0018856515415225056,0.5,0.3093586193046338
0.5,5.0,10.0,0.5,infinita,M/M/1,10000.0,10,capacidad_infinita_regimen_estacionario,probabilidad_denegacion,0.0,0.0,0.0,0.0,0.0
0.5,5.0,10.0,0.5,0,M/M/1/K,10000.0,10,capacidad_finita_regimen_estacionario,promedio_clientes_sistema,0.33331755963651666,0.0019249011514749,0.0013768956658930394,0.3333333333333333,-0.0047321090449969905
0.5,5.0,10.0,0.5,0,M/M/1/K,10000.0,10,capacidad_finita_regimen_estacionario,promedio_clientes_cola,0.0,0.0,0.0,0.0,0.0
0.5,5.0,10.0,0.5,0,M/M/1/K,10000.0,10,capacidad_finita_regimen_estacionario,tiempo_promedio_sistema,0.09999589567161747,0.0005840930504374611,0.0004178059683788763,0.09999999999999998,-0.004104328382506518
0.5,5.0,10.0,0.5,0,M/M/1/K,10000.0,10,capacidad_finita_regimen_estacionario,tiempo_promedio_cola,0.0,0.0,0.0,0.0,0.0
0.5,5.0,10.0,0.5,0,M/M/1/K,10000.0,10,capacidad_finita_regimen_estacionario,utilizacion_servidor,0.33331755963651666,0.0019249011514749,0.0013768956658930394,0.33333333333333337,-0.004732109045013643
0.5,5.0,10.0,0.5,0,M/M/1/K,10000.0,10,capacidad_finita_regimen_estacionario,probabilidad_denegacion,0.3335187947880395,0.003311898026780057,0.0023690245265109307,0.3333333333333333,0.05563843641184785
0.5,5.0,10.0,0.5,2,M/M/1/K,10000.0,10,capacidad_finita_regimen_estacionario,promedio_clientes_sistema,0.7327493595631309,0.007018335247238813,0.005020265781597713,0.7333333333333334,-0.07963278684579174
0.5,5.0,10.0,0.5,2,M/M/1/K,10000.0,10,capacidad_finita_regimen_estacionario,promedio_clientes_cola,0.26567390405727204,0.004442785980644751,0.0031779568299145885,0.26666666666666666,-0.37228597852298484
0.5,5.0,10.0,0.5,2,M/M/1/K,10000.0,10,capacidad_finita_regimen_estacionario,tiempo_promedio_sistema,0.15693548311160782,0.0014317929989446148,0.0010241718506907673,0.15714285714285714,-0.13196529261320292
0.5,5.0,10.0,0.5,2,M/M/1/K,10000.0,10,capacidad_finita_regimen_estacionario,tiempo_promedio_cola,0.05689990534236198,0.0009129652558666517,0.0006530506270155941,0.05714285714285714,-0.42516565086653246
0.5,5.0,10.0,0.5,2,M/M/1/K,10000.0,10,capacidad_finita_regimen_estacionario,utilizacion_servidor,0.4670754555058589,0.002651518629682148,0.0018966503845907262,0.4666666666666667,0.0875976083983305
0.5,5.0,10.0,0.5,2,M/M/1/K,10000.0,10,capacidad_finita_regimen_estacionario,probabilidad_denegacion,0.06598440726119233,0.002095479587517638,0.0014989116505071574,0.06666666666666667,-1.0233891082115087
0.5,5.0,10.0,0.5,5,M/M/1/K,10000.0,10,capacidad_finita_regimen_estacionario,promedio_clientes_sistema,0.9499103853048142,0.01291675039598387,0.009239444645780972,0.9448818897637795,0.5321824447595039
0.5,5.0,10.0,0.5,5,M/M/1/K,10000.0,10,capacidad_finita_regimen_estacionario,promedio_clientes_cola,0.45268151399987644,0.009928276644299301,0.007101767834077298,0.44881889763779526,0.8606180315514217
0.5,5.0,10.0,0.5,5,M/M/1/K,10000.0,10,capacidad_finita_regimen_estacionario,tiempo_promedio_sistema,0.1912183782180812,0.0021732180374206167,0.001554518523962784,0.19047619047619047,0.3896485644926284
0.5,5.0,10.0,0.5,5,M/M/1/K,10000.0,10,capacidad_finita_regimen_estacionario,tiempo_promedio_cola,0.0911240253577308,0.0018134170420766702,0.0012971502790046002,0.09047619047619047,0.7160280269656243
0.5,5.0,10.0,0.5,5,M/M/1/K,10000.0,10,capacidad_finita_regimen_estacionario,utilizacion_servidor,0.49722887130493776,0.003387832047442842,0.002423340678727012,0.49606299212598426,0.23502643766205464
0.5,5.0,10.0,0.5,5,M/M/1/K,10000.0,10,capacidad_finita_regimen_estacionario,probabilidad_denegacion,0.008083939199491325,0.0007884159468481087,0.0005639596086813777,0.007874015748031496,2.666027833539823
0.5,5.0,10.0,0.5,10,M/M/1/K,10000.0,10,capacidad_finita_regimen_estacionario,promedio_clientes_sistema,0.9967268467534736,0.012215718628106276,0.008737991570071395,0.9970695970695971,-0.03437576645911855
0.5,5.0,10.0,0.5,10,M/M/1/K,10000.0,10,capacidad_finita_regimen_estacionario,promedio_clientes_cola,0.49560813856681596,0.01039266075388387,0.007433945134354075,0.4971916971916972,-0.31850061733245033
0.5,5.0,10.0,0.5,10,M/M/1/K,10000.0,10,capacidad_finita_regimen_estacionario,tiempo_promedio_sistema,0.19909553436356583,0.0020798045382194224,0.0014876991747782941,0.1994626282364436,-0.18404142977731192
0.5,5.0,10.0,0.5,10,M/M/1/K,10000.0,10,capacidad_finita_regimen_estacionario,tiempo_promedio_cola,0.09899593130193643,0.0018811688982024065,0.0013456136699606794,0.09946262823644358,-0.46921838159928575
0.5,5.0,10.0,0.5,10,M/M/1/K,10000.0,10,capacidad_finita_regimen_estacionario,utilizacion_servidor,0.5011187081866575,0.0022378177832478416,0.0016007271877059297,0.4998778998778999,0.24822227769235095
0.5,5.0,10.0,0.5,10,M/M/1/K,10000.0,10,capacidad_finita_regimen_estacionario,probabilidad_denegacion,0.0002672696613050155,0.00018078561271230468,0.00012931725164622604,0.0002442002442002442,9.446926304403853
0.5,5.0,10.0,0.5,50,M/M/1/K,10000.0,10,capacidad_finita_regimen_estacionario,promedio_clientes_sistema,0.9958576857138549,0.010742388681822344,0.007684108041603246,0.9999999999999885,-0.41423142861335893
0.5,5.0,10.0,0.5,50,M/M/1/K,10000.0,10,capacidad_finita_regimen_estacionario,promedio_clientes_cola,0.49584677190343235,0.008310930881491424,0.005944868754166453,0.49999999999998856,-0.8306456193112622
0.5,5.0,10.0,0.5,50,M/M/1/K,10000.0,10,capacidad_finita_regimen_estacionario,tiempo_promedio_sistema,0.1990448209186187,0.002081489295109293,0.001488904293523207,0.19999999999999774,-0.4775895406895268
0.5,5.0,10.0,0.5,50,M/M/1/K,10000.0,10,capacidad_finita_regimen_estacionario,tiempo_promedio_cola,0.09910494781099893,0.001602562131507965,0.0011463242419003773,0.09999999999999773,-0.8950521889988164
0.5,5.0,10.0,0.5,50,M/M/1/K,10000.0,10,capacidad_finita_regimen_estacionario,utilizacion_servidor,0.5000109138104223,0.002934215184348892,0.0020988652674616146,0.4999999999999999,0.0021827620844794286
0.5,5.0,10.0,0.5,50,M/M/1/K,10000.0,10,capacidad_finita_regimen_estacionario,probabilidad_denegacion,0.0,0.0,0.0,2.2204460492503136e-16,0.0
0.75,7.5,10.0,0.75,infinita,M/M/1,10000.0,10,capacidad_infinita_regimen_estacionario,promedio_clientes_sistema,3.020487701955462,0.10320182514962861,0.07382100927722772,3.0,0.6829233985153967
0.75,7.5,10.0,0.75,infinita,M/M/1,10000.0,10,capacidad_infinita_regimen_estacionario,promedio_clientes_cola,2.2705093471162145,0.09864493475307409,0.07056143273629314,2.25,0.9115265384984244
0.75,7.5,10.0,0.75,infinita,M/M/1,10000.0,10,capacidad_infinita_regimen_estacionario,tiempo_promedio_sistema,0.40250664942878334,0.012458412653892753,0.0089115923557468,0.4,0.6266623571958285
0.75,7.5,10.0,0.75,infinita,M/M/1,10000.0,10,capacidad_infinita_regimen_estacionario,tiempo_promedio_cola,0.30255288253220947,0.012184731083326555,0.00871582595597159,0.3,0.8509608440698258
0.75,7.5,10.0,0.75,infinita,M/M/1,10000.0,10,capacidad_infinita_regimen_estacionario,utilizacion_servidor,0.7499783548392545,0.005446175739584177,0.0038956887556431253,0.75,-0.002886021432739009
0.75,7.5,10.0,0.75,infinita,M/M/1,10000.0,10,capacidad_infinita_regimen_estacionario,probabilidad_denegacion,0.0,0.0,0.0,0.0,0.0
0.75,7.5,10.0,0.75,0,M/M/1/K,10000.0,10,capacidad_finita_regimen_estacionario,promedio_clientes_sistema,0.42901275092247193,0.0018843791771257826,0.0013479100056101839,0.42857142857142855,0.10297521524345599
0.75,7.5,10.0,0.75,0,M/M/1/K,10000.0,10,capacidad_finita_regimen_estacionario,promedio_clientes_cola,0.0,0.0,0.0,0.0,0.0
0.75,7.5,10.0,0.75,0,M/M/1/K,10000.0,10,capacidad_finita_regimen_estacionario,tiempo_promedio_sistema,0.10011393694553428,0.0006352324610871203,0.0004543863573645069,0.09999999999999999,0.11393694553428481
0.75,7.5,10.0,0.75,0,M/M/1/K,10000.0,10,capacidad_finita_regimen_estacionario,tiempo_promedio_cola,0.0,0.0,0.0,0.0,0.0
0.75,7.5,10.0,0.75,0,M/M/1/K,10000.0,10,capacidad_finita_regimen_estacionario,utilizacion_servidor,0.42901275092247193,0.0018843791771257826,0.0013479100056101839,0.4285714285714286,0.10297521524344302
0.75,7.5,10.0,0.75,0,M/M/1/K,10000.0,10,capacidad_finita_regimen_estacionario,probabilidad_denegacion,0.42878463275475526,0.0015977008493246975,0.0011428469317207376,0.42857142857142855,0.049747642776232226
0.75,7.5,10.0,0.75,2,M/M/1/K,10000.0,10,capacidad_finita_regimen_estacionario,promedio_clientes_sistema,1.150625815037523,0.005357361431238026,0.003832159240822375,1.1485714285714286,0.17886449331668183
0.75,7.5,10.0,0.75,2,M/M/1/K,10000.0,10,capacidad_finita_regimen_estacionario,promedio_clientes_cola,0.5155528409751311,0.0030359330334190373,0.0021716247779545728,0.5142857142857142,0.2463857451643903
0.75,7.5,10.0,0.75,2,M/M/1/K,10000.0,10,capacidad_finita_regimen_estacionario,tiempo_promedio_sistema,0.18151823066399045,0.0007247529761413132,0.0005184210269329604,0.18108108108108106,0.2414109636962277
0.75,7.5,10.0,0.75,2,M/M/1/K,10000.0,10,capacidad_finita_regimen_estacionario,tiempo_promedio_cola,0.08133062633465418,0.00040082074532481047,0.0002867099677377619,0.08108108108108107,0.3077724794068366
0.75,7.5,10.0,0.75,2,M/M/1/K,10000.0,10,capacidad_finita_regimen_estacionario,utilizacion_servidor,0.6350729740623942,0.00244383875965023,0.0017480954768641275,0.6342857142857143,0.12411753235943046
0.75,7.5,10.0,0.75,2,M/M/1/K,10000.0,10,capacidad_finita_regimen_estacionario,probabilidad_denegacion,0.15493786701917084,0.0011894625625154017,0.0008508311431029039,0.15428571428571428,0.42269158649962385
0.75,7.5,10.0,0.75,5,M/M/1/K,10000.0,10,capacidad_finita_regimen_estacionario,promedio_clientes_sistema,1.9239890943014104,0.01902157907855122,0.013606272598273943,1.9216735930126083,0.12049399529771748
0.75,7.5,10.0,0.75,5,M/M/1/K,10000.0,10,capacidad_finita_regimen_estacionario,promedio_clientes_cola,1.2123915618361059,0.016182472910122814,0.01157543949532526,1.2101852504050152,0.1823118758348966
0.75,7.5,10.0,0.75,5,M/M/1/K,10000.0,10,capacidad_finita_regimen_estacionario,tiempo_promedio_sistema,0.2705326247113438,0.002430605179145085,0.001738629401357954,0.2700920700920701,0.1631127560033685
0.75,7.5,10.0,0.75,5,M/M/1/K,10000.0,10,capacidad_finita_regimen_estacionario,tiempo_promedio_cola,0.17047225176714145,0.0021197652306922596,0.0015162833460900394,0.1700920700920701,0.22351522611580227
0.75,7.5,10.0,0.75,5,M/M/1/K,10000.0,10,capacidad_finita_regimen_estacionario,utilizacion_servidor,0.7115975324653065,0.0033044743106968575,0.0023637142888959,0.7114883426075931,0.015346682605267475
0.75,7.5,10.0,0.75,5,M/M/1/K,10000.0,10,capacidad_finita_regimen_estacionario,probabilidad_denegacion,0.05194864930073475,0.0013527894674457573,0.0009676600552525071,0.05134887652320913,1.168034859057779
0.75,7.5,10.0,0.75,10,M/M/1/K,10000.0,10,capacidad_finita_regimen_estacionario,promedio_clientes_sistema,2.6138748994053804,0.04695928900104375,0.03359031784536752,2.6074491983300274,0.24643629028202835
0.75,7.5,10.0,0.75,10,M/M/1/K,10000.0,10,capacidad_finita_regimen_estacionario,promedio_clientes_cola,1.872870631085047,0.04412106502630793,0.03156011578192487,1.8656273400314851,0.38824961974665134
0.75,7.5,10.0,0.75,10,M/M/1/K,10000.0,10,capacidad_finita_regimen_estacionario,tiempo_promedio_sistema,0.3526443258946538,0.005615517825720832,0.004016820370259382,0.3514926352144066,0.32765712986977846
0.75,7.5,10.0,0.75,10,M/M/1/K,10000.0,10,capacidad_finita_regimen_estacionario,tiempo_promedio_cola,0.25266891173925693,0.005449468693512373,0.003898044229319394,0.2514926352144066,0.4677180800334322
0.75,7.5,10.0,0.75,10,M/M/1/K,10000.0,10,capacidad_finita_regimen_estacionario,utilizacion_servidor,0.74100426832033,0.003808260608104225,0.002724076258083257,0.7418218582985423,-0.11021378907431939
0.75,7.5,10.0,0.75,10,M/M/1/K,10000.0,10,capacidad_finita_regimen_estacionario,probabilidad_denegacion,0.011301578229249208,0.0010791974708483888,0.0007719577283827358,0.010904188935277018,3.6443727849080463
0.75,7.5,10.0,0.75,50,M/M/1/K,10000.0,10,capacidad_finita_regimen_estacionario,promedio_clientes_sistema,3.015025942603587,0.08509883227741868,0.060871808012352556,2.999983435086273,0.501419685901737
0.75,7.5,10.0,0.75,50,M/M/1/K,10000.0,10,capacidad_finita_regimen_estacionario,promedio_clientes_cola,2.2644485414914906,0.08052087596179854,0.057597162867693945,2.2499835147252814,0.642894788852502
0.75,7.5,10.0,0.75,50,M/M/1/K,10000.0,10,capacidad_finita_regimen_estacionario,tiempo_promedio_sistema,0.40205565726726145,0.00987078535723348,0.007060643902114928,0.39999783381874415,0.5144586481560246
0.75,7.5,10.0,0.75,50,M/M/1/K,10000.0,10,capacidad_finita_regimen_estacionario,tiempo_promedio_cola,0.3019566387161974,0.009644663888884648,0.006898897586208619,0.2999978338187441,0.652939680436743
0.75,7.5,10.0,0.75,50,M/M/1/K,10000.0,10,capacidad_finita_regimen_estacionario,utilizacion_servidor,0.750577401112082,0.005019941584217568,0.0035908003925548783,0.7499999203609917,0.07699744165470922
0.75,7.5,10.0,0.75,50,M/M/1/K,10000.0,10,capacidad_finita_regimen_estacionario,probabilidad_denegacion,0.0,0.0,0.0,1.0618534440602214e-07,-100.0
1.0,10.0,10.0,1.0,infinita,M/M/1,10000.0,10,capacidad_infinita_sin_regimen_estacionario,promedio_clientes_sistema,186.33413492749574,125.63653688243227,89.86872026061423,,
1.0,10.0,10.0,1.0,infinita,M/M/1,10000.0,10,capacidad_infinita_sin_regimen_estacionario,promedio_clientes_cola,185.33931871138194,125.63409489944677,89.86697349258598,,
1.0,10.0,10.0,1.0,infinita,M/M/1,10000.0,10,capacidad_infinita_sin_regimen_estacionario,tiempo_promedio_sistema,18.626437246817385,12.475984172723397,8.924161389799552,,
1.0,10.0,10.0,1.0,infinita,M/M/1,10000.0,10,capacidad_infinita_sin_regimen_estacionario,tiempo_promedio_cola,18.52646777814443,12.475861672526129,8.924073764525621,,
1.0,10.0,10.0,1.0,infinita,M/M/1,10000.0,10,capacidad_infinita_sin_regimen_estacionario,utilizacion_servidor,0.9948162161141813,0.0029014275757328935,0.002075412054727145,,
1.0,10.0,10.0,1.0,infinita,M/M/1,10000.0,10,capacidad_infinita_sin_regimen_estacionario,probabilidad_denegacion,0.0,0.0,0.0,0.0,0.0
1.0,10.0,10.0,1.0,0,M/M/1/K,10000.0,10,capacidad_finita_regimen_estacionario,promedio_clientes_sistema,0.5009200817640284,0.001219272781910032,0.0008721546078700879,0.5,0.18401635280567152
1.0,10.0,10.0,1.0,0,M/M/1/K,10000.0,10,capacidad_finita_regimen_estacionario,promedio_clientes_cola,0.0,0.0,0.0,0.0,0.0
1.0,10.0,10.0,1.0,0,M/M/1/K,10000.0,10,capacidad_finita_regimen_estacionario,tiempo_promedio_sistema,0.10030230780668463,0.0004939554543687053,0.00035332989631356974,0.1,0.30230780668462354
1.0,10.0,10.0,1.0,0,M/M/1/K,10000.0,10,capacidad_finita_regimen_estacionario,tiempo_promedio_cola,0.0,0.0,0.0,0.0,0.0
1.0,10.0,10.0,1.0,0,M/M/1/K,10000.0,10,capacidad_finita_regimen_estacionario,utilizacion_servidor,0.5009200817640284,0.001219272781910032,0.0008721546078700879,0.5,0.18401635280567152
1.0,10.0,10.0,1.0,0,M/M/1/K,10000.0,10,capacidad_finita_regimen_estacionario,probabilidad_denegacion,0.5008547804253896,0.00198252768185012,0.001418116338369285,0.5,0.17095608507791127
1.0,10.0,10.0,1.0,2,M/M/1/K,10000.0,10,capacidad_finita_regimen_estacionario,promedio_clientes_sistema,1.497069760397582,0.003574807818209739,0.0025570857950404863,1.5,-0.19534930682786703
1.0,10.0,10.0,1.0,2,M/M/1/K,10000.0,10,capacidad_finita_regimen_estacionario,promedio_clientes_cola,0.7481885036503888,0.002967437099382048,0.0021226291427062054,0.75,-0.24153284661482624
1.0,10.0,10.0,1.0,2,M/M/1/K,10000.0,10,capacidad_finita_regimen_estacionario,tiempo_promedio_sistema,0.19959158788102052,0.0006028038882699496,0.0004311899655244133,0.2,-0.2042060594897449
1.0,10.0,10.0,1.0,2,M/M/1/K,10000.0,10,capacidad_finita_regimen_estacionario,tiempo_promedio_cola,0.09974829478799638,0.0004129571441288579,0.00029539122126604747,0.1,-0.25170521200362783
1.0,10.0,10.0,1.0,2,M/M/1/K,10000.0,10,capacidad_finita_regimen_estacionario,utilizacion_servidor,0.7488812567471903,0.0010814753710094642,0.0007735871267841647,0.75,-0.1491657670412927
1.0,10.0,10.0,1.0,2,M/M/1/K,10000.0,10,capacidad_finita_regimen_estacionario,probabilidad_denegacion,0.24918881355283545,0.0013861934115722916,0.0009915541372194263,0.25,-0.32447457886581876
1.0,10.0,10.0,1.0,5,M/M/1/K,10000.0,10,capacidad_finita_regimen_estacionario,promedio_clientes_sistema,2.994337935915009,0.01562243247071702,0.011174838532958009,3.0,-0.1887354694997049
1.0,10.0,10.0,1.0,5,M/M/1/K,10000.0,10,capacidad_finita_regimen_estacionario,promedio_clientes_cola,2.137268673620532,0.014473510711197174,0.01035300651840445,2.142857142857143,-0.2607952310418386
1.0,10.0,10.0,1.0,5,M/M/1/K,10000.0,10,capacidad_finita_regimen_estacionario,tiempo_promedio_sistema,0.3492660826126311,0.0016719848717511108,0.0011959828283072504,0.3499999999999999,-0.20969068210538064
1.0,10.0,10.0,1.0,5,M/M/1/K,10000.0,10,capacidad_finita_regimen_estacionario,tiempo_promedio_cola,0.24929366378902523,0.0015716091139757666,0.0011241833253895531,0.24999999999999994,-0.28253448438988477
1.0,10.0,10.0,1.0,5,M/M/1/K,10000.0,10,capacidad_finita_regimen_estacionario,utilizacion_servidor,0.8570692622944603,0.001527520259864241,0.0010926462503071074,0.8571428571428572,-0.008586065646300673
1.0,10.0,10.0,1.0,5,M/M/1/K,10000.0,10,capacidad_finita_regimen_estacionario,probabilidad_denegacion,0.14216398669722197,0.0025838283891389917,0.0018482310677049134,0.14285714285714285,-0.4852093119446177
1.0,10.0,10.0,1.0,10,M/M/1/K,10000.0,10,capacidad_finita_regimen_estacionario,promedio_clientes_sistema,5.485033800514593,0.0670002767951653,0.04792578084449239,5.5,-0.27211271791649305
1.0,10.0,10.0,1.0,10,M/M/1/K,10000.0,10,capacidad_finita_regimen_estacionario,promedio_clientes_cola,4.5692177201014506,0.06492787502994876,0.04644337692659284,4.583333333333333,-0.30797701596834515
1.0,10.0,10.0,1.0,10,M/M/1/K,10000.0,10,capacidad_finita_regimen_estacionario,tiempo_promedio_sistema,0.5975095619593697,0.007804829986795087,0.005582851136857619,0.6000000000000001,-0.4150730067717378
1.0,10.0,10.0,1.0,10,M/M/1/K,10000.0,10,capacidad_finita_regimen_estacionario,tiempo_promedio_cola,0.4977439306529905,0.007496390406430216,0.005362222082181823,0.5,-0.4512138694019008
1.0,10.0,10.0,1.0,10,M/M/1/K,10000.0,10,capacidad_finita_regimen_estacionario,utilizacion_servidor,0.9158160804131157,0.0025271396566351753,0.0018076812088045394,0.9166666666666666,-0.09279122766010305
1.0,10.0,10.0,1.0,10,M/M/1/K,10000.0,10,capacidad_finita_regimen_estacionario,probabilidad_denegacion,0.08361189475634627,0.003551821716905169,0.0025406436711226995,0.08333333333333333,0.3342737076155289
1.0,10.0,10.0,1.0,50,M/M/1/K,10000.0,10,capacidad_finita_regimen_estacionario,promedio_clientes_sistema,25.79332470218541,1.6188995244183226,1.1580104967883373,25.5,1.1502929497467005
1.0,10.0,10.0,1.0,50,M/M/1/K,10000.0,10,capacidad_finita_regimen_estacionario,promedio_clientes_cola,24.812909746228378,1.61549971346274,1.155578587510289,24.51923076923077,1.1977495532451465
1.0,10.0,10.0,1.0,50,M/M/1/K,10000.0,10,capacidad_finita_regimen_estacionario,tiempo_promedio_sistema,2.628798925564319,0.16503917819396816,0.11805371355495652,2.6,1.107650983243041
1.0,10.0,10.0,1.0,50,M/M/1/K,10000.0,10,capacidad_finita_regimen_estacionario,tiempo_promedio_cola,2.528858896222325,0.16469434336373384,0.11780705071575835,2.5000000000000004,1.154355848892976
1.0,10.0,10.0,1.0,50,M/M/1/K,10000.0,10,capacidad_finita_regimen_estacionario,utilizacion_servidor,0.9804149559569408,0.0037446659640694934,0.002678586550895779,0.9807692307692307,-0.036122137723675035
1.0,10.0,10.0,1.0,50,M/M/1/K,10000.0,10,capacidad_finita_regimen_estacionario,probabilidad_denegacion,0.01988857676908545,0.0031476243034757,0.00225151834835494,0.019230769230769232,3.4205991992443323
1.25,12.5,10.0,1.25,infinita,M/M/1,10000.0,10,capacidad_infinita_sin_regimen_estacionario,promedio_clientes_sistema,12541.892146502738,144.8436780456656,103.60772675535715,,
1.25,12.5,10.0,1.25,infinita,M/M/1,10000.0,10,capacidad_infinita_sin_regimen_estacionario,promedio_clientes_cola,12540.892177716234,144.84368835032117,103.60773412635153,,
1.25,12.5,10.0,1.25,infinita,M/M/1,10000.0,10,capacidad_infinita_sin_regimen_estacionario,tiempo_promedio_sistema,1003.8583115291096,12.634248505825704,9.037369007835965,,
1.25,12.5,10.0,1.25,infinita,M/M/1,10000.0,10,capacidad_infinita_sin_regimen_estacionario,tiempo_promedio_cola,1003.7582025470668,12.634079351880771,9.037248010800107,,
1.25,12.5,10.0,1.25,infinita,M/M/1,10000.0,10,capacidad_infinita_sin_regimen_estacionario,utilizacion_servidor,0.9999687864764052,2.123497970507285e-05,1.5189534017805753e-05,,
1.25,12.5,10.0,1.25,infinita,M/M/1,10000.0,10,capacidad_infinita_sin_regimen_estacionario,probabilidad_denegacion,0.0,0.0,0.0,0.0,0.0
1.25,12.5,10.0,1.25,0,M/M/1/K,10000.0,10,capacidad_finita_regimen_estacionario,promedio_clientes_sistema,0.555755072901003,0.0014768133167835738,0.0010563752084902537,0.5555555555555556,0.03591312218053755
1.25,12.5,10.0,1.25,0,M/M/1/K,10000.0,10,capacidad_finita_regimen_estacionario,promedio_clientes_cola,0.0,0.0,0.0,0.0,0.0
1.25,12.5,10.0,1.25,0,M/M/1/K,10000.0,10,capacidad_finita_regimen_estacionario,tiempo_promedio_sistema,0.10002937490573245,0.0003674732579227012,0.00026285626967269233,0.1,0.029374905732446055
1.25,12.5,10.0,1.25,0,M/M/1/K,10000.0,10,capacidad_finita_regimen_estacionario,tiempo_promedio_cola,0.0,0.0,0.0,0.0,0.0
1.25,12.5,10.0,1.25,0,M/M/1/K,10000.0,10,capacidad_finita_regimen_estacionario,utilizacion_servidor,0.555755072901003,0.0014768133167835738,0.0010563752084902537,0.5555555555555556,0.03591312218053755
1.25,12.5,10.0,1.25,0,M/M/1/K,10000.0,10,capacidad_finita_regimen_estacionario,probabilidad_denegacion,0.5556085146477192,0.0009484572044789771,0.0006784382736388845,0.5555555555555556,0.009532636589453247
1.25,12.5,10.0,1.25,2,M/M/1/K,10000.0,10,capacidad_finita_regimen_estacionario,promedio_clientes_sistema,1.7733116182682065,0.005105842190655013,0.0036522457154020676,1.7750677506775068,-0.0989332609208861
1.25,12.5,10.0,1.25,2,M/M/1/K,10000.0,10,capacidad_finita_regimen_estacionario,promedio_clientes_cola,0.9470513361618595,0.003938164774162472,0.0028169976442489835,0.948509485094851,-0.15373055893538476
1.25,12.5,10.0,1.25,2,M/M/1/K,10000.0,10,capacidad_finita_regimen_estacionario,tiempo_promedio_sistema,0.21445553577414006,0.0008263213502352701,0.0005910736168982252,0.2147540983606557,-0.1390253265454525
1.25,12.5,10.0,1.25,2,M/M/1/K,10000.0,10,capacidad_finita_regimen_estacionario,tiempo_promedio_cola,0.11453038714195271,0.0005573179413438361,0.00039865353988322206,0.11475409836065573,-0.1949483477269135
1.25,12.5,10.0,1.25,2,M/M/1/K,10000.0,10,capacidad_finita_regimen_estacionario,utilizacion_servidor,0.8262602821063556,0.001415075804761093,0.001012213921214988,0.8265582655826558,-0.036051115657298974
1.25,12.5,10.0,1.25,2,M/M/1/K,10000.0,10,capacidad_finita_regimen_estacionario,probabilidad_denegacion,0.3379372085258791,0.0014871229498940675,0.001063749763352933,0.33875338753387535,-0.24093604316049086
1.25,12.5,10.0,1.25,5,M/M/1/K,10000.0,10,capacidad_finita_regimen_estacionario,promedio_clientes_sistema,3.854876589268708,0.009319634375396875,0.006666401632810842,3.8575662849646095,-0.06972519711158175
1.25,12.5,10.0,1.25,5,M/M/1/K,10000.0,10,capacidad_finita_regimen_estacionario,promedio_clientes_cola,2.921666198546448,0.008312764458447584,0.005946180324977289,2.9239079379990605,-0.07666928987328994
1.25,12.5,10.0,1.25,5,M/M/1/K,10000.0,10,capacidad_finita_regimen_estacionario,tiempo_promedio_sistema,0.41280321540160775,0.001392557621926201,0.000996106502750724,0.4131667967733541,-0.08799869074324553
1.25,12.5,10.0,1.25,5,M/M/1/K,10000.0,10,capacidad_finita_regimen_estacionario,tiempo_promedio_cola,0.31286828414920126,0.0011912267879925671,0.0008520931063010172,0.31316679677335413,-0.09532064932442674
1.25,12.5,10.0,1.25,5,M/M/1/K,10000.0,10,capacidad_finita_regimen_estacionario,utilizacion_servidor,0.9332103907222761,0.0014757697953340322,0.0010556287700770194,0.9336583469655496,-0.04797860424312882
1.25,12.5,10.0,1.25,5,M/M/1/K,10000.0,10,capacidad_finita_regimen_estacionario,probabilidad_denegacion,0.25328318379434656,0.0017734481656705619,0.0012685602536664068,0.25307332242756025,0.08292512413921943
1.25,12.5,10.0,1.25,10,M/M/1/K,10000.0,10,capacidad_finita_regimen_estacionario,promedio_clientes_sistema,7.881458386682775,0.031500535093465655,0.02253255976821001,7.885483697159027,-0.051047096549098725
1.25,12.5,10.0,1.25,10,M/M/1/K,10000.0,10,capacidad_finita_regimen_estacionario,promedio_clientes_cola,6.900055752806535,0.030855152340065604,0.022070912833603646,6.903931274183173,-0.05613499356707081
1.25,12.5,10.0,1.25,10,M/M/1/K,10000.0,10,capacidad_finita_regimen_estacionario,tiempo_promedio_sistema,0.802434090728157,0.004104631774812148,0.0029360726894964383,0.8033685733515847,-0.11632053510995417
1.25,12.5,10.0,1.25,10,M/M/1/K,10000.0,10,capacidad_finita_regimen_estacionario,tiempo_promedio_cola,0.70251051718856,0.0038899765323771487,0.002782528247620289,0.7033685733515846,-0.12199239424872545
1.25,12.5,10.0,1.25,10,M/M/1/K,10000.0,10,capacidad_finita_regimen_estacionario,utilizacion_servidor,0.9814026338763053,0.0010551933237887747,0.0007547873889995851,0.9815524229758537,-0.015260427873449419
1.25,12.5,10.0,1.25,10,M/M/1/K,10000.0,10,capacidad_finita_regimen_estacionario,probabilidad_denegacion,0.2146224481981986,0.0028590010831924762,0.0020450640788567042,0.21475806161931713,-0.0631470688904455
1.25,12.5,10.0,1.25,50,M/M/1/K,10000.0,10,capacidad_finita_regimen_estacionario,promedio_clientes_sistema,47.009834565606766,0.08097614055545402,0.05792281691250476,47.0004749923709,0.019913784355133808
1.25,12.5,10.0,1.25,50,M/M/1/K,10000.0,10,capacidad_finita_regimen_estacionario,promedio_clientes_cola,46.00987174390945,0.08095437665274385,0.05790724903604961,46.00047727598807,0.020422544455393803
1.25,12.5,10.0,1.25,50,M/M/1/K,10000.0,10,capacidad_finita_regimen_estacionario,tiempo_promedio_sistema,4.703001598723838,0.019691181083406742,0.014085243737988012,4.7000582323707585,0.06262404011949664
1.25,12.5,10.0,1.25,50,M/M/1/K,10000.0,10,capacidad_finita_regimen_estacionario,tiempo_promedio_cola,4.602939592887817,0.019396309094891692,0.013874319679540366,4.600058232370759,0.06263747916889645
1.25,12.5,10.0,1.25,50,M/M/1/K,10000.0,10,capacidad_finita_regimen_estacionario,utilizacion_servidor,0.9999628216972789,5.4712436867990074e-05,3.913620038943823e-05,0.9999977163828322,-0.0034894765239573307
1.25,12.5,10.0,1.25,50,M/M/1/K,10000.0,10,capacidad_finita_regimen_estacionario,probabilidad_denegacion,0.1998741922204964,0.002706895164863638,0.0019362616192897882,0.20000182689373422,-0.06381675368676985
