semilla,tasa_arribo,tasa_servicio,rho,tiempo_simulacion,capacidad_cola,clientes_generados,clientes_aceptados,clientes_rechazados,clientes_atendidos,promedio_clientes_sistema,promedio_clientes_cola,tiempo_promedio_sistema,tiempo_promedio_cola,utilizacion_servidor,probabilidad_denegacion,factor_arribo,modelo_cola,replica,estado_teorico
20260626,2.5,10.0,0.25,10000.0,infinita,24817,24817,0,24817,0.3295617506169972,0.08003108145814197,0.1327967726223948,0.032248491541339394,0.24953066915885525,0.0,0.25,M/M/1,0,capacidad_infinita_regimen_estacionario
20260627,2.5,10.0,0.25,10000.0,infinita,24801,24801,0,24801,0.3283612647389345,0.0812935560801579,0.1323983971367826,0.032778338002563565,0.2470677086587766,0.0,0.25,M/M/1,1,capacidad_infinita_regimen_estacionario
20260628,2.5,10.0,0.25,10000.0,infinita,25158,25158,0,25158,0.334642430378865,0.08303214982751894,0.13301630907817194,0.03300427292611453,0.25161028055134604,0.0,0.25,M/M/1,2,capacidad_infinita_regimen_estacionario
20260629,2.5,10.0,0.25,10000.0,infinita,25334,25334,0,25334,0.33271885194935913,0.08294050440659642,0.13133293279756814,0.03273881124441321,0.24977834754276274,0.0,0.25,M/M/1,3,capacidad_infinita_regimen_estacionario
20260630,2.5,10.0,0.25,10000.0,infinita,24828,24828,0,24828,0.32731363391418133,0.07931789146457341,0.13183246089664144,0.031946951612926294,0.24799574244960795,0.0,0.25,M/M/1,4,capacidad_infinita_regimen_estacionario
20260631,2.5,10.0,0.25,10000.0,infinita,25094,25094,0,25093,0.3344176949444162,0.08429502973402536,0.13326911818781415,0.03359304576337041,0.25012266521039084,0.0,0.25,M/M/1,5,capacidad_infinita_regimen_estacionario
20260632,2.5,10.0,0.25,10000.0,infinita,25257,25257,0,25256,0.3369457500265785,0.08453309225857511,0.1334102894633729,0.03347049899373421,0.25241265776800337,0.0,0.25,M/M/1,6,capacidad_infinita_regimen_estacionario
20260633,2.5,10.0,0.25,10000.0,infinita,25101,25101,0,25101,0.33446860673143763,0.08306644615939346,0.13324911626287306,0.03309288321556649,0.2514021605720442,0.0,0.25,M/M/1,7,capacidad_infinita_regimen_estacionario
20260634,2.5,10.0,0.25,10000.0,infinita,25298,25298,0,25298,0.3378566674607153,0.08647234574016277,0.13355074213800114,0.03418149487712972,0.25138432172055253,0.0,0.25,M/M/1,8,capacidad_infinita_regimen_estacionario
20260635,2.5,10.0,0.25,10000.0,infinita,24995,24995,0,24995,0.33576843507825943,0.08390046411513717,0.13433424087947968,0.03356689902586004,0.2518679709631222,0.0,0.25,M/M/1,9,capacidad_infinita_regimen_estacionario
20260726,5.0,10.0,0.5,10000.0,infinita,50130,50130,0,50127,1.000145832358308,0.4998335048097986,0.1995142827164532,0.09970547361546984,0.50031232754851,0.0,0.5,M/M/1,0,capacidad_infinita_regimen_estacionario
20260727,5.0,10.0,0.5,10000.0,infinita,49799,49799,0,49797,1.0058505580264396,0.5066288820563198,0.20198789093446756,0.10173822311025182,0.49922167597012124,0.0,0.5,M/M/1,1,capacidad_infinita_regimen_estacionario
20260728,5.0,10.0,0.5,10000.0,infinita,49867,49867,0,49867,0.9933009060608314,0.4945172067594166,0.19919002668314373,0.09916722617350485,0.49878369930141514,0.0,0.5,M/M/1,2,capacidad_infinita_regimen_estacionario
20260729,5.0,10.0,0.5,10000.0,infinita,49890,49890,0,49890,0.9912781819608308,0.4938277199548209,0.1986927604651896,0.09898330726695147,0.4974504620060101,0.0,0.5,M/M/1,3,capacidad_infinita_regimen_estacionario
20260730,5.0,10.0,0.5,10000.0,infinita,50353,50353,0,50353,1.022730391355565,0.5171071705380453,0.20311210679712494,0.10269639754096983,0.5056232208175183,0.0,0.5,M/M/1,4,capacidad_infinita_regimen_estacionario
20260731,5.0,10.0,0.5,10000.0,infinita,50319,50319,0,50318,1.0034399580685356,0.5006224346604474,0.19941921071163313,0.09949171959546234,0.5028175234080884,0.0,0.5,M/M/1,5,capacidad_infinita_regimen_estacionario
20260732,5.0,10.0,0.5,10000.0,infinita,50419,50419,0,50418,1.0086588225956639,0.5076410541407047,0.2000531136310722,0.10068647192286578,0.5010177684549625,0.0,0.5,M/M/1,6,capacidad_infinita_regimen_estacionario
20260733,5.0,10.0,0.5,10000.0,infinita,50117,50117,0,50117,1.0077149297884993,0.5031006863393003,0.20107247636301026,0.1003852358160505,0.5046142434491987,0.0,0.5,M/M/1,7,capacidad_infinita_regimen_estacionario
20260734,5.0,10.0,0.5,10000.0,infinita,49948,49948,0,49947,1.0197957266339315,0.5167974687802678,0.2041748334010051,0.1034691710773956,0.5029982578536616,0.0,0.5,M/M/1,8,capacidad_infinita_regimen_estacionario
20260735,5.0,10.0,0.5,10000.0,infinita,50376,50376,0,50375,1.0149574659278506,0.5123287137721027,0.2014779906637331,0.10170243726529292,0.5026287521557465,0.0,0.5,M/M/1,9,capacidad_infinita_regimen_estacionario
20260826,7.5,10.0,0.75,10000.0,infinita,74730,74730,0,74729,2.9683003505653103,2.2214770365960934,0.39720718458227794,0.2972696677872375,0.746823313969257,0.0,0.75,M/M/1,0,capacidad_infinita_regimen_estacionario
20260827,7.5,10.0,0.75,10000.0,infinita,74507,74507,0,74507,3.0393299744952276,2.2935748509434792,0.4079254264022351,0.3078334721493934,0.7457551235516987,0.0,0.75,M/M/1,1,capacidad_infinita_regimen_estacionario
20260828,7.5,10.0,0.75,10000.0,infinita,75019,75019,0,75016,3.158375770886626,2.404570101141849,0.4210155718135745,0.3205310487129442,0.7538056697447865,0.0,0.75,M/M/1,2,capacidad_infinita_regimen_estacionario
20260829,7.5,10.0,0.75,10000.0,infinita,75394,75394,0,75394,3.0415846746231177,2.2871911280313535,0.4034252957295192,0.3033651388746248,0.7543935465917773,0.0,0.75,M/M/1,3,capacidad_infinita_regimen_estacionario
20260830,7.5,10.0,0.75,10000.0,infinita,75836,75836,0,75835,3.2054126355631474,2.4470652457575213,0.4226813071532922,0.3226828305871321,0.7583473898056,0.0,0.75,M/M/1,4,capacidad_infinita_regimen_estacionario
20260831,7.5,10.0,0.75,10000.0,infinita,74605,74605,0,74599,2.9121080840994362,2.168201307900492,0.3903221081673752,0.29060331509152415,0.7439067761989824,0.0,0.75,M/M/1,5,capacidad_infinita_regimen_estacionario
20260832,7.5,10.0,0.75,10000.0,infinita,74834,74834,0,74833,2.89954251489275,2.1571338056260303,0.3874663606414788,0.2882591950641002,0.7424087092666992,0.0,0.75,M/M/1,6,capacidad_infinita_regimen_estacionario
20260833,7.5,10.0,0.75,10000.0,infinita,75213,75213,0,75209,3.0702253039474994,2.3153272297430227,0.40820392722278,0.3078318463908924,0.7548980742045235,0.0,0.75,M/M/1,7,capacidad_infinita_regimen_estacionario
20260834,7.5,10.0,0.75,10000.0,infinita,74900,74900,0,74888,2.9258760146425185,2.1790237608317846,0.390548089170364,0.29082019399330034,0.7468522538107739,0.0,0.75,M/M/1,8,capacidad_infinita_regimen_estacionario
20260835,7.5,10.0,0.75,10000.0,infinita,75306,75306,0,75305,2.9841216958389873,2.2315290045905165,0.3962712234049367,0.2963321166709455,0.7525926912484456,0.0,0.75,M/M/1,9,capacidad_infinita_regimen_estacionario
20260926,10.0,10.0,1.0,10000.0,infinita,99472,99472,0,99218,86.57809716711505,85.58731529071606,8.692467341083786,8.592608651533228,0.990781876399043,0.0,1.0,M/M/1,0,capacidad_infinita_sin_regimen_estacionario
20260927,10.0,10.0,1.0,10000.0,infinita,100027,100027,0,99762,228.35393824746149,227.35997617619898,22.854261316601093,22.75462912640859,0.9939620712629182,0.0,1.0,M/M/1,1,capacidad_infinita_sin_regimen_estacionario
20260928,10.0,10.0,1.0,10000.0,infinita,99641,99641,0,99586,76.69786528619542,75.70377945425973,7.699995323287845,7.6001743651889155,0.9940858319376125,0.0,1.0,M/M/1,2,capacidad_infinita_sin_regimen_estacionario
20260929,10.0,10.0,1.0,10000.0,infinita,100438,100438,0,99980,313.2493258246047,312.2516707729486,31.23291047980086,31.13312629296296,0.9976550516503027,0.0,1.0,M/M/1,3,capacidad_infinita_sin_regimen_estacionario
20260930,10.0,10.0,1.0,10000.0,infinita,99457,99457,0,99336,62.52137308904441,61.52944465026886,6.2864446070246345,6.186590522217676,0.991928438776851,0.0,1.0,M/M/1,4,capacidad_infinita_sin_regimen_estacionario
20260931,10.0,10.0,1.0,10000.0,infinita,99871,99871,0,99650,161.63018875961026,160.63528191642402,16.19401789974018,16.094178380441935,0.9949068431905649,0.0,1.0,M/M/1,5,capacidad_infinita_sin_regimen_estacionario
20260932,10.0,10.0,1.0,10000.0,infinita,99777,99777,0,99476,232.85201014393704,231.85397898714905,23.35829028756909,23.257963282161594,0.9980311567844786,0.0,1.0,M/M/1,6,capacidad_infinita_sin_regimen_estacionario
20260933,10.0,10.0,1.0,10000.0,infinita,100508,100508,0,99517,460.88377524330195,459.88427036582857,45.81410010934991,45.71366751815186,0.9995048774776447,0.0,1.0,M/M/1,7,capacidad_infinita_sin_regimen_estacionario
20260934,10.0,10.0,1.0,10000.0,infinita,99742,99742,0,99335,117.97458965515808,116.98277969707891,11.79083700320885,11.69099244873456,0.9918099580797236,0.0,1.0,M/M/1,8,capacidad_infinita_sin_regimen_estacionario
20260935,10.0,10.0,1.0,10000.0,infinita,99397,99397,0,99250,122.60018585852892,121.60468980294657,12.341048100507605,12.240747193642997,0.995496055582674,0.0,1.0,M/M/1,9,capacidad_infinita_sin_regimen_estacionario
20261026,12.5,10.0,1.25,10000.0,infinita,124732,124732,0,99869,12453.708858658154,12452.708869137223,999.635604477014,999.5354763083863,0.9999895210081546,0.0,1.25,M/M/1,0,capacidad_infinita_sin_regimen_estacionario
20261027,12.5,10.0,1.25,10000.0,infinita,124687,124687,0,99751,12646.298641487201,12645.298654505728,1015.9506165411846,1015.8503698090581,0.9999869812667129,0.0,1.25,M/M/1,1,capacidad_infinita_sin_regimen_estacionario
20261028,12.5,10.0,1.25,10000.0,infinita,124925,124925,0,100104,12505.453189867721,12504.453225801224,999.830005680101,999.7301151998303,0.9999640665867977,0.0,1.25,M/M/1,2,capacidad_infinita_sin_regimen_estacionario
20261029,12.5,10.0,1.25,10000.0,infinita,124718,124718,0,99675,12643.331122466585,12642.331148866097,1016.5498170602266,1016.4494940545496,0.999973600266469,0.0,1.25,M/M/1,3,capacidad_infinita_sin_regimen_estacionario
20261030,12.5,10.0,1.25,10000.0,infinita,124602,124602,0,99486,12476.56163957745,12475.561645882917,999.9355565584186,999.8350426471495,0.999993694676415,0.0,1.25,M/M/1,4,capacidad_infinita_sin_regimen_estacionario
20261031,12.5,10.0,1.25,10000.0,infinita,125192,125192,0,100242,12306.891905519979,12305.891935605337,981.5022176913591,981.4024625217019,0.9999699144616149,0.0,1.25,M/M/1,5,capacidad_infinita_sin_regimen_estacionario
20261032,12.5,10.0,1.25,10000.0,infinita,125085,125085,0,99540,12780.926644965286,12779.926720810541,1022.6667683820074,1022.5663148260445,0.999924154676593,0.0,1.25,M/M/1,6,capacidad_infinita_sin_regimen_estacionario
20261033,12.5,10.0,1.25,10000.0,infinita,125207,125207,0,100039,12637.007643192504,12636.007698819585,1007.9073732332776,1007.8074186921675,0.9999443728610279,0.0,1.25,M/M/1,7,capacidad_infinita_sin_regimen_estacionario
20261034,12.5,10.0,1.25,10000.0,infinita,124794,124794,0,100037,12369.855572614368,12368.855605972565,989.4295134663197,989.3295565766947,0.9999666417840702,0.0,1.25,M/M/1,8,capacidad_infinita_sin_regimen_estacionario
20261035,12.5,10.0,1.25,10000.0,infinita,125231,125231,0,100130,12598.886246678127,12597.886271761114,1005.175642201187,1005.0757748350871,0.9999749171761972,0.0,1.25,M/M/1,9,capacidad_infinita_sin_regimen_estacionario
20270626,2.5,10.0,0.25,10000.0,0,25099,20058,5041,20058,0.20141782049887016,0.0,0.10041769892255967,0.0,0.20141782049887016,0.20084465516554445,0.25,M/M/1/K,0,capacidad_finita_regimen_estacionario
20270627,2.5,10.0,0.25,10000.0,0,25123,20153,4970,20153,0.20005210570816684,0.0,0.09926666288302825,0.0,0.20005210570816684,0.1978266926720535,0.25,M/M/1/K,1,capacidad_finita_regimen_estacionario
20270628,2.5,10.0,0.25,10000.0,0,24849,19979,4870,19979,0.19756810963191446,0.0,0.09888788709740952,0.0,0.19756810963191446,0.19598374180047487,0.25,M/M/1/K,2,capacidad_finita_regimen_estacionario
20270629,2.5,10.0,0.25,10000.0,0,24715,19872,4843,19872,0.1980017895747291,0.0,0.09963858171031054,0.0,0.1980017895747291,0.19595387416548654,0.25,M/M/1/K,3,capacidad_finita_regimen_estacionario
20270630,2.5,10.0,0.25,10000.0,0,24803,19842,4961,19841,0.1994709699852389,0.0,0.10052793823800388,0.0,0.1994709699852389,0.20001612708140146,0.25,M/M/1/K,4,capacidad_finita_regimen_estacionario
20270631,2.5,10.0,0.25,10000.0,0,24802,19867,4935,19867,0.19998882511831712,0.0,0.10066382700876686,0.0,0.19998882511831712,0.19897588904120636,0.25,M/M/1/K,5,capacidad_finita_regimen_estacionario
20270632,2.5,10.0,0.25,10000.0,0,25090,20067,5023,20067,0.19825022024784736,0.0,0.0987941497223538,0.0,0.19825022024784736,0.20019928258270228,0.25,M/M/1/K,6,capacidad_finita_regimen_estacionario
20270633,2.5,10.0,0.25,10000.0,0,25071,19969,5102,19969,0.20196854273091522,0.0,0.10114103997742262,0.0,0.20196854273091522,0.2035020541661681,0.25,M/M/1/K,7,capacidad_finita_regimen_estacionario
20270634,2.5,10.0,0.25,10000.0,0,24909,19854,5055,19854,0.20108669943570975,0.0,0.10128271352659905,0.0,0.20108669943570975,0.20293869685655788,0.25,M/M/1/K,8,capacidad_finita_regimen_estacionario
20270635,2.5,10.0,0.25,10000.0,0,24863,19955,4908,19955,0.19604068732942928,0.0,0.09824138678498084,0.0,0.19604068732942928,0.19740176165386317,0.25,M/M/1/K,9,capacidad_finita_regimen_estacionario
20270726,5.0,10.0,0.5,10000.0,0,49545,33082,16463,33082,0.33192130719891755,0.0,0.10033290224258434,0.0,0.33192130719891755,0.3322837824200222,0.5,M/M/1/K,0,capacidad_finita_regimen_estacionario
20270727,5.0,10.0,0.5,10000.0,0,50278,33350,16928,33350,0.33493019269779617,0.0,0.10042884338764503,0.0,0.33493019269779617,0.3366880146386093,0.5,M/M/1/K,1,capacidad_finita_regimen_estacionario
20270728,5.0,10.0,0.5,10000.0,0,50005,33384,16621,33384,0.33336481506499155,0.0,0.09985766087496752,0.0,0.33336481506499155,0.33238676132386763,0.5,M/M/1/K,2,capacidad_finita_regimen_estacionario
20270729,5.0,10.0,0.5,10000.0,0,50159,33406,16753,33405,0.33501451035064506,0.0,0.10028817620489253,0.0,0.33501451035064506,0.3339978867202297,0.5,M/M/1/K,3,capacidad_finita_regimen_estacionario
20270730,5.0,10.0,0.5,10000.0,0,50293,33540,16753,33539,0.3342559213505072,0.0,0.09965220820597778,0.0,0.3342559213505072,0.3331079871950371,0.5,M/M/1/K,4,capacidad_finita_regimen_estacionario
20270731,5.0,10.0,0.5,10000.0,0,49854,33406,16448,33406,0.3296010269729755,0.0,0.09866521791683396,0.0,0.3296010269729755,0.32992337625867535,0.5,M/M/1/K,5,capacidad_finita_regimen_estacionario
20270732,5.0,10.0,0.5,10000.0,0,50022,33322,16700,33322,0.3324678368776476,0.0,0.09977427431656191,0.0,0.3324678368776476,0.33385310463396106,0.5,M/M/1/K,6,capacidad_finita_regimen_estacionario
20270733,5.0,10.0,0.5,10000.0,0,49434,33212,16222,33212,0.3316726295029432,0.0,0.09986529853755968,0.0,0.3316726295029432,0.3281547113322814,0.5,M/M/1/K,7,capacidad_finita_regimen_estacionario
20270734,5.0,10.0,0.5,10000.0,0,50429,33283,17146,33283,0.3338992480823162,0.0,0.10032125952658,0.0,0.3338992480823162,0.3400027761803724,0.5,M/M/1/K,8,capacidad_finita_regimen_estacionario
20270735,5.0,10.0,0.5,10000.0,0,50130,33347,16783,33347,0.3360481082664267,0.0,0.10077311550257197,0.0,0.3360481082664267,0.33478954717733894,0.5,M/M/1/K,9,capacidad_finita_regimen_estacionario
20270826,7.5,10.0,0.75,10000.0,0,75099,42752,32347,42751,0.43057921937017474,0.0,0.10071105050470884,0.0,0.43057921937017474,0.43072477662818415,0.75,M/M/1/K,0,capacidad_finita_regimen_estacionario
20270827,7.5,10.0,0.75,10000.0,0,75123,42760,32363,42759,0.430844206279482,0.0,0.10076032689876488,0.0,0.430844206279482,0.43080015441342867,0.75,M/M/1/K,1,capacidad_finita_regimen_estacionario
20270828,7.5,10.0,0.75,10000.0,0,74932,42870,32062,42870,0.42911273906153746,0.0,0.10009627689795603,0.0,0.42911273906153746,0.4278812790263172,0.75,M/M/1/K,2,capacidad_finita_regimen_estacionario
20270829,7.5,10.0,0.75,10000.0,0,74631,42622,32009,42622,0.42649239338146056,0.0,0.10006390910362267,0.0,0.42649239338146056,0.428896839115113,0.75,M/M/1/K,3,capacidad_finita_regimen_estacionario
20270830,7.5,10.0,0.75,10000.0,0,75375,42980,32395,42979,0.4310052922076978,0.0,0.10028183308685078,0.0,0.4310052922076978,0.4297844112769486,0.75,M/M/1/K,4,capacidad_finita_regimen_estacionario
20270831,7.5,10.0,0.75,10000.0,0,74826,42964,31862,42963,0.4268397154704937,0.0,0.09935048790154559,0.0,0.4268397154704937,0.4258145564376019,0.75,M/M/1/K,5,capacidad_finita_regimen_estacionario
20270832,7.5,10.0,0.75,10000.0,0,75424,43054,32370,43054,0.42880470867594483,0.0,0.0995969500338981,0.0,0.42880470867594483,0.42917373780229107,0.75,M/M/1/K,6,capacidad_finita_regimen_estacionario
20270833,7.5,10.0,0.75,10000.0,0,74868,42797,32071,42796,0.4273647529201715,0.0,0.09985959252324926,0.0,0.4273647529201715,0.42836725971042366,0.75,M/M/1/K,7,capacidad_finita_regimen_estacionario
20270834,7.5,10.0,0.75,10000.0,0,75178,43086,32092,43086,0.42757050186282103,0.0,0.09923652737845728,0.0,0.42757050186282103,0.42688020431509216,0.75,M/M/1/K,8,capacidad_finita_regimen_estacionario
20270835,7.5,10.0,0.75,10000.0,0,74755,42646,32109,42645,0.43151397999493557,0.0,0.1011824151262894,0.0,0.43151397999493557,0.4295231088221524,0.75,M/M/1/K,9,capacidad_finita_regimen_estacionario
20270926,10.0,10.0,1.0,10000.0,0,100371,49820,50551,49820,0.49993880364273957,0.0,0.10034901719043347,0.0,0.49993880364273957,0.5036414900718335,1.0,M/M/1/K,0,capacidad_finita_regimen_estacionario
20270927,10.0,10.0,1.0,10000.0,0,99726,50012,49714,50012,0.5014923728323507,0.0,0.10027440870838013,0.0,0.5014923728323507,0.49850590618294127,1.0,M/M/1/K,1,capacidad_finita_regimen_estacionario
20270928,10.0,10.0,1.0,10000.0,0,99839,50000,49839,50000,0.500996364619862,0.0,0.10019927292397242,0.0,0.500996364619862,0.49919370185999457,1.0,M/M/1/K,2,capacidad_finita_regimen_estacionario
20270929,10.0,10.0,1.0,10000.0,0,100263,50156,50107,50156,0.49819191451191636,0.0,0.09932847805086457,0.0,0.49819191451191636,0.4997556426598047,1.0,M/M/1/K,3,capacidad_finita_regimen_estacionario
20270930,10.0,10.0,1.0,10000.0,0,100311,49767,50544,49767,0.5021576850927331,0.0,0.10090173912285913,0.0,0.5021576850927331,0.5038729551096092,1.0,M/M/1/K,4,capacidad_finita_regimen_estacionario
20270931,10.0,10.0,1.0,10000.0,0,99753,49891,49862,49890,0.500683030581398,0.0,0.10035666982558544,0.0,0.500683030581398,0.49985464096317905,1.0,M/M/1/K,5,capacidad_finita_regimen_estacionario
20270932,10.0,10.0,1.0,10000.0,0,99934,49690,50244,49690,0.5026378589585156,0.0,0.10115473112467611,0.0,0.5026378589585156,0.5027718294074089,1.0,M/M/1/K,6,capacidad_finita_regimen_estacionario
20270933,10.0,10.0,1.0,10000.0,0,100165,49905,50260,49905,0.5008330542004034,0.0,0.1003572896904926,0.0,0.5008330542004034,0.5017720760744772,1.0,M/M/1/K,7,capacidad_finita_regimen_estacionario
20270934,10.0,10.0,1.0,10000.0,0,99937,50048,49889,50047,0.501166827527465,0.0,0.10013879400276361,0.0,0.501166827527465,0.4992044988342656,1.0,M/M/1/K,8,capacidad_finita_regimen_estacionario
20270935,10.0,10.0,1.0,10000.0,0,100253,50129,50124,50129,0.5011029056729,0.0,0.0999626774268188,0.0,0.5011029056729,0.4999750630903813,1.0,M/M/1/K,9,capacidad_finita_regimen_estacionario
20271026,12.5,10.0,1.25,10000.0,0,125149,55396,69753,55396,0.5564980948725852,0.0,0.10045817294977709,0.0,0.5564980948725852,0.5573596273242295,1.25,M/M/1/K,0,capacidad_finita_regimen_estacionario
20271027,12.5,10.0,1.25,10000.0,0,125074,55577,69497,55576,0.55563252713515,0.0,0.099971609955623,0.0,0.55563252713515,0.5556470569422902,1.25,M/M/1/K,1,capacidad_finita_regimen_estacionario
20271028,12.5,10.0,1.25,10000.0,0,124919,55530,69389,55530,0.5552308842125826,0.0,0.099987553432844,0.0,0.5552308842125826,0.555471945820892,1.25,M/M/1/K,2,capacidad_finita_regimen_estacionario
20271029,12.5,10.0,1.25,10000.0,0,124829,55476,69353,55475,0.555307820547446,0.0,0.10009962301897335,0.0,0.555307820547446,0.5555840389653045,1.25,M/M/1/K,3,capacidad_finita_regimen_estacionario
20271030,12.5,10.0,1.25,10000.0,0,125021,55445,69576,55444,0.5588367433472771,0.0,0.10079277436715232,0.0,0.5588367433472771,0.5565145055630654,1.25,M/M/1/K,4,capacidad_finita_regimen_estacionario
20271031,12.5,10.0,1.25,10000.0,0,125302,55845,69457,55844,0.5565096657231041,0.0,0.09965351876687771,0.0,0.5565096657231041,0.5543167706820322,1.25,M/M/1/K,5,capacidad_finita_regimen_estacionario
20271032,12.5,10.0,1.25,10000.0,0,125260,55777,69483,55776,0.5554087812462026,0.0,0.09957616948779403,0.0,0.5554087812462026,0.5547102027782213,1.25,M/M/1/K,6,capacidad_finita_regimen_estacionario
20271033,12.5,10.0,1.25,10000.0,0,124771,55349,69422,55348,0.5539472802547313,0.0,0.10008437207370847,0.0,0.5539472802547313,0.5563953162193138,1.25,M/M/1/K,7,capacidad_finita_regimen_estacionario
20271034,12.5,10.0,1.25,10000.0,0,125049,55701,69348,55701,0.5565466360090978,0.0,0.09991681226712228,0.0,0.5565466360090978,0.5545666098889236,1.25,M/M/1/K,8,capacidad_finita_regimen_estacionario
20271035,12.5,10.0,1.25,10000.0,0,124867,55501,69366,55500,0.5536322956618537,0.0,0.09975314273745213,0.0,0.5536322956618537,0.5555190722929196,1.25,M/M/1/K,9,capacidad_finita_regimen_estacionario
20280626,2.5,10.0,0.25,10000.0,2,25052,24770,282,24770,0.31992654116142816,0.0712515480558059,0.1291588781434914,0.028765259610741174,0.2486749931056223,0.01125658630049497,0.25,M/M/1/K,0,capacidad_finita_regimen_estacionario
20280627,2.5,10.0,0.25,10000.0,2,24914,24580,334,24579,0.3155869698132204,0.0699890625175094,0.12839606955289556,0.02847514647361951,0.24559790729571096,0.013406117042626635,0.25,M/M/1/K,1,capacidad_finita_regimen_estacionario
20280628,2.5,10.0,0.25,10000.0,2,25094,24788,306,24788,0.32358411898341205,0.07418753232545519,0.130540632154031,0.029928809232473454,0.24939658665795686,0.012194149996014984,0.25,M/M/1/K,2,capacidad_finita_regimen_estacionario
20280629,2.5,10.0,0.25,10000.0,2,24923,24697,226,24696,0.31620171730213525,0.06909085820741963,0.12800981606836334,0.0279519431598484,0.24711085909471558,0.009067929222003772,0.25,M/M/1/K,3,capacidad_finita_regimen_estacionario
20280630,2.5,10.0,0.25,10000.0,2,24878,24551,327,24551,0.3199786901147361,0.07286710392478232,0.13033224313255515,0.02967989243810123,0.24711158618995377,0.013144143419889058,0.25,M/M/1/K,4,capacidad_finita_regimen_estacionario
20280631,2.5,10.0,0.25,10000.0,2,25027,24758,269,24756,0.318635891119785,0.07063053022579537,0.12869723118264545,0.028525113315381583,0.24800536089398967,0.010748391736924122,0.25,M/M/1/K,5,capacidad_finita_regimen_estacionario
20280632,2.5,10.0,0.25,10000.0,2,24799,24517,282,24517,0.3114640253026958,0.06677810755607733,0.12704002337263767,0.02723747096140528,0.24468591774661846,0.011371426267188194,0.25,M/M/1/K,6,capacidad_finita_regimen_estacionario
20280633,2.5,10.0,0.25,10000.0,2,25246,24935,311,24935,0.31758958905210627,0.07094875941842273,0.12736698979430772,0.028453482822708133,0.24664082963368356,0.01231878317357205,0.25,M/M/1/K,7,capacidad_finita_regimen_estacionario
20280634,2.5,10.0,0.25,10000.0,2,25015,24727,288,24727,0.3192586220994658,0.07152605876394769,0.1291133668053002,0.028926298687243775,0.24773256333551807,0.011513092144713173,0.25,M/M/1/K,8,capacidad_finita_regimen_estacionario
20280635,2.5,10.0,0.25,10000.0,2,25036,24721,315,24721,0.3203876090573256,0.07239632771419358,0.12960139519328734,0.029285355654784826,0.247991281343132,0.012581882089790702,0.25,M/M/1/K,9,capacidad_finita_regimen_estacionario
20280726,5.0,10.0,0.5,10000.0,2,49957,46673,3284,46673,0.7394930550192463,0.26990100501136033,0.15844129475697863,0.05782808154850991,0.46959205000788606,0.06573653341874011,0.5,M/M/1/K,0,capacidad_finita_regimen_estacionario
20280727,5.0,10.0,0.5,10000.0,2,49825,46739,3086,46736,0.720260955681952,0.2576255160778584,0.1541054996085962,0.05511999893754572,0.46263543960409353,0.06193677872553939,0.5,M/M/1/K,1,capacidad_finita_regimen_estacionario
20280728,5.0,10.0,0.5,10000.0,2,49537,46328,3209,46328,0.7276208154959773,0.26249969157091724,0.15705854245725637,0.05666113183623667,0.46512112392506005,0.06477986151765347,0.5,M/M/1/K,2,capacidad_finita_regimen_estacionario
20280729,5.0,10.0,0.5,10000.0,2,50393,46889,3504,46889,0.7401896652179226,0.2707601241239851,0.1578599810654786,0.0577449133323349,0.4694295410939376,0.06953346694977477,0.5,M/M/1/K,3,capacidad_finita_regimen_estacionario
20280730,5.0,10.0,0.5,10000.0,2,50151,46702,3449,46701,0.7418887804190843,0.2714518474224761,0.15885855803970192,0.05812548926628468,0.4704369329966084,0.06877230763095452,0.5,M/M/1/K,4,capacidad_finita_regimen_estacionario
20280731,5.0,10.0,0.5,10000.0,2,50205,46870,3335,46870,0.7371273540752366,0.26719597389593214,0.15727061106789772,0.05700788860591682,0.4699313801793045,0.06642764664874017,0.5,M/M/1/K,5,capacidad_finita_regimen_estacionario
20280732,5.0,10.0,0.5,10000.0,2,50103,46810,3293,46809,0.7339953318817305,0.2668813337005442,0.1568058902304532,0.05701496158869964,0.46711399818118626,0.06572460730894357,0.5,M/M/1/K,6,capacidad_finita_regimen_estacionario
20280733,5.0,10.0,0.5,10000.0,2,50101,46831,3270,46831,0.7268718630966722,0.2620776195332262,0.1552116894998339,0.05596242222741907,0.46479424356344595,0.06526815832019321,0.5,M/M/1/K,7,capacidad_finita_regimen_estacionario
20280734,5.0,10.0,0.5,10000.0,2,49806,46504,3302,46504,0.7318332646681853,0.26566575079905863,0.15736996057719452,0.057127505332672156,0.46616751386912675,0.06629723326506846,0.5,M/M/1/K,8,capacidad_finita_regimen_estacionario
20280735,5.0,10.0,0.5,10000.0,2,49826,46569,3257,46569,0.7282125100753019,0.26268017843736213,0.15637280381268695,0.05640666074800021,0.4655323316379398,0.06536747882631558,0.5,M/M/1/K,9,capacidad_finita_regimen_estacionario
20280826,7.5,10.0,0.75,10000.0,2,75306,63805,11501,63804,1.1540885336810178,0.5170293548723547,0.18087955851592916,0.08103400333401586,0.6370591788086657,0.15272355456404535,0.75,M/M/1/K,0,capacidad_finita_regimen_estacionario
20280827,7.5,10.0,0.75,10000.0,2,74902,63253,11649,63250,1.1460481937509648,0.5131033068858657,0.1811804362217915,0.08111286927720697,0.6329448868651061,0.15552321700355132,0.75,M/M/1/K,1,capacidad_finita_regimen_estacionario
20280828,7.5,10.0,0.75,10000.0,2,75329,63556,11773,63556,1.15234553756057,0.5170020075547941,0.1813118411417584,0.0813459008677063,0.6353435300057726,0.15628775106532677,0.75,M/M/1/K,2,capacidad_finita_regimen_estacionario
20280829,7.5,10.0,0.75,10000.0,2,75011,63473,11538,63470,1.147135947924556,0.5144735102347106,0.18072481596096734,0.08105121336416282,0.6326624376898472,0.15381744010878404,0.75,M/M/1/K,3,capacidad_finita_regimen_estacionario
20280830,7.5,10.0,0.75,10000.0,2,74627,62978,11649,62977,1.1421820281680115,0.5105747825079792,0.18136488266245795,0.0810732144287564,0.6316072456600336,0.15609631902662574,0.75,M/M/1/K,4,capacidad_finita_regimen_estacionario
20280831,7.5,10.0,0.75,10000.0,2,75132,63454,11678,63452,1.152215885279133,0.5170306512202475,0.18158375949777505,0.08147914898872227,0.6351852340588929,0.15543310440291752,0.75,M/M/1/K,5,capacidad_finita_regimen_estacionario
20280832,7.5,10.0,0.75,10000.0,2,74894,63248,11646,63247,1.1579379110234143,0.5200959889977828,0.18307991861366002,0.0822306974424705,0.6378419220256324,0.15549977301252438,0.75,M/M/1/K,6,capacidad_finita_regimen_estacionario
20280833,7.5,10.0,0.75,10000.0,2,74928,63251,11677,63251,1.1443375895488537,0.5115344646497562,0.18092007866260626,0.08087373553773952,0.6328031248990931,0.1558429425581892,0.75,M/M/1/K,7,capacidad_finita_regimen_estacionario
20280834,7.5,10.0,0.75,10000.0,2,75033,63448,11585,63448,1.1566296468095465,0.5181639733898614,0.18229568257621231,0.08166750305602406,0.6384656734196912,0.1543987312249277,0.75,M/M/1/K,8,capacidad_finita_regimen_estacionario
20280835,7.5,10.0,0.75,10000.0,2,74950,63426,11524,63425,1.1533368766291627,0.5165203694379583,0.1818413327867464,0.0814379770497372,0.6368165071912077,0.15375583722481653,0.75,M/M/1/K,9,capacidad_finita_regimen_estacionario
20280926,10.0,10.0,1.0,10000.0,2,100014,75021,24993,75021,1.5018798655078502,0.7512286743892906,0.20019459424799224,0.10013578523204043,0.7506511911185709,0.24989501469794229,1.0,M/M/1/K,0,capacidad_finita_regimen_estacionario
20280927,10.0,10.0,1.0,10000.0,2,100202,75163,25039,75161,1.4978733077688786,0.7503219450388258,0.19927774275780838,0.09981789019070238,0.7475513627300399,0.24988523183169997,1.0,M/M/1/K,1,capacidad_finita_regimen_estacionario
20280928,10.0,10.0,1.0,10000.0,2,99872,74771,25101,74769,1.497471726851536,0.7496697150718696,0.20027420316235933,0.10026103847951082,0.7478020117796739,0.25133170458186477,1.0,M/M/1/K,2,capacidad_finita_regimen_estacionario
20280929,10.0,10.0,1.0,10000.0,2,99780,74758,25022,74756,1.4974557484346867,0.7477495587366646,0.20030639871171563,0.10002092491870472,0.7497061896980285,0.25077169773501706,1.0,M/M/1/K,3,capacidad_finita_regimen_estacionario
20280930,10.0,10.0,1.0,10000.0,2,100118,75114,25004,75114,1.5005755214258678,0.7505904829414947,0.19977308110683445,0.09992684225863284,0.7499850384843728,0.24974530054535649,1.0,M/M/1/K,4,capacidad_finita_regimen_estacionario
20280931,10.0,10.0,1.0,10000.0,2,99748,75135,24613,75135,1.4907202150710188,0.742438945218213,0.19840556532521325,0.09881399417291714,0.7482812698527966,0.24675181457272327,1.0,M/M/1/K,5,capacidad_finita_regimen_estacionario
20280932,10.0,10.0,1.0,10000.0,2,100008,75148,24860,75145,1.4958001211723635,0.747036120429851,0.1990468387101103,0.09940645209659955,0.748764000742518,0.24858011359091273,1.0,M/M/1/K,6,capacidad_finita_regimen_estacionario
20280933,10.0,10.0,1.0,10000.0,2,100121,75296,24825,75294,1.501133382023458,0.751411785963815,0.19936742315026915,0.09979527864316137,0.7497215960596266,0.24794998052356648,1.0,M/M/1/K,7,capacidad_finita_regimen_estacionario
20280934,10.0,10.0,1.0,10000.0,2,99613,74880,24733,74877,1.493806994426715,0.7461238563773661,0.1994919137360775,0.09963985564013529,0.7476831380493302,0.24829088572776645,1.0,M/M/1/K,8,capacidad_finita_regimen_estacionario
20280935,10.0,10.0,1.0,10000.0,2,99535,74782,24753,74782,1.4939807212934453,0.745313952336498,0.1997781179018249,0.0996648862475593,0.7486667689569462,0.248686391721505,1.0,M/M/1/K,9,capacidad_finita_regimen_estacionario
20281026,12.5,10.0,1.25,10000.0,2,124904,82841,42063,82841,1.7691570041561928,0.944525993042692,0.21356055626515566,0.11401673000599849,0.8246310111135033,0.33676263370268367,1.25,M/M/1/K,0,capacidad_finita_regimen_estacionario
20281027,12.5,10.0,1.25,10000.0,2,124521,82555,41966,82553,1.7755880601362601,0.9473630716748074,0.21508381614614677,0.11475756849603133,0.8282249884614735,0.3370194585652219,1.25,M/M/1/K,1,capacidad_finita_regimen_estacionario
20281028,12.5,10.0,1.25,10000.0,2,125180,83111,42069,83108,1.7737620019385496,0.9467825493542738,0.2134096995712728,0.11390797266022383,0.8269794525843001,0.33606806199073336,1.25,M/M/1/K,2,capacidad_finita_regimen_estacionario
20281029,12.5,10.0,1.25,10000.0,2,124658,82401,42257,82399,1.7675441367598148,0.9419796703322221,0.21450968378201135,0.11431896537469823,0.8255644664275895,0.3389834587431212,1.25,M/M/1/K,3,capacidad_finita_regimen_estacionario
20281030,12.5,10.0,1.25,10000.0,2,124979,82542,42437,82540,1.7735981999265,0.9479918812178665,0.21487539093270783,0.11485225409900822,0.8256063187086418,0.33955304491154514,1.25,M/M/1/K,4,capacidad_finita_regimen_estacionario
20281031,12.5,10.0,1.25,10000.0,2,125028,82849,42179,82846,1.7695790772304674,0.9444428474182923,0.21358996320801954,0.11399201354854639,0.8251362298121688,0.33735643215919636,1.25,M/M/1/K,5,capacidad_finita_regimen_estacionario
20281032,12.5,10.0,1.25,10000.0,2,124669,82574,42095,82574,1.7731836784977415,0.9470188126050212,0.21473874082613523,0.11468728808160211,0.8261648658927027,0.3376541080781911,1.25,M/M/1/K,6,capacidad_finita_regimen_estacionario
20281033,12.5,10.0,1.25,10000.0,2,124781,82564,42217,82561,1.773291849815831,0.9477375219320953,0.21478284887717505,0.11479076030426531,0.8255543278837715,0.3383287519734575,1.25,M/M/1/K,7,capacidad_finita_regimen_estacionario
20281034,12.5,10.0,1.25,10000.0,2,125419,82668,42751,82665,1.7860028530612624,0.9569232038380251,0.216037228541741,0.11574489048979977,0.8290796492232299,0.3408654191151261,1.25,M/M/1/K,8,capacidad_finita_regimen_estacionario
20281035,12.5,10.0,1.25,10000.0,2,124829,82789,42040,82786,1.7714093211594437,0.9457478102032988,0.21396742959103532,0.11423542835935352,0.8256615109561753,0.3367807160195147,1.25,M/M/1/K,9,capacidad_finita_regimen_estacionario
20290626,2.5,10.0,0.25,10000.0,5,24836,24826,10,24823,0.3334899275254501,0.08343124138898267,0.13431285811549798,0.03358361877040599,0.2500586861364674,0.00040264132710581414,0.25,M/M/1/K,0,capacidad_finita_regimen_estacionario
20290627,2.5,10.0,0.25,10000.0,5,24942,24940,2,24940,0.32809842162385905,0.08002328909937281,0.13155510089168365,0.03208632281450394,0.24807513252448626,8.018603159329644e-05,0.25,M/M/1/K,1,capacidad_finita_regimen_estacionario
20290628,2.5,10.0,0.25,10000.0,5,25173,25169,4,25166,0.33118439033911756,0.08006601029415918,0.1315276154552584,0.0317737273382086,0.2511183800449584,0.0001589004091685536,0.25,M/M/1/K,2,capacidad_finita_regimen_estacionario
20290629,2.5,10.0,0.25,10000.0,5,25015,25012,3,25011,0.3337405083207046,0.08205294530627016,0.13343669815973788,0.03280674315551963,0.25168756301443446,0.00011992804317409555,0.25,M/M/1/K,3,capacidad_finita_regimen_estacionario
20290630,2.5,10.0,0.25,10000.0,5,25106,25102,4,25101,0.3348858874788517,0.08438151891037908,0.1334129434080572,0.03361679570948531,0.25050436856847264,0.0001593244642714889,0.25,M/M/1/K,4,capacidad_finita_regimen_estacionario
20290631,2.5,10.0,0.25,10000.0,5,24881,24876,5,24876,0.33315436737889526,0.08450731839620856,0.13392602001081172,0.03397142562960627,0.24864704898268675,0.00020095655319319963,0.25,M/M/1/K,5,capacidad_finita_regimen_estacionario
20290632,2.5,10.0,0.25,10000.0,5,24741,24737,4,24737,0.3291774092466583,0.08218061415154858,0.13307086924310071,0.03322173834804082,0.2469967950951097,0.0001616749525079827,0.25,M/M/1/K,6,capacidad_finita_regimen_estacionario
20290633,2.5,10.0,0.25,10000.0,5,24736,24734,2,24734,0.3336420524155748,0.0845701040648136,0.13489207261889496,0.034191842833675753,0.2490719483507612,8.085381630012937e-05,0.25,M/M/1/K,7,capacidad_finita_regimen_estacionario
20290634,2.5,10.0,0.25,10000.0,5,25151,25150,1,25150,0.33378702483674844,0.08204012356307032,0.13271849894105306,0.03262032746046534,0.2517469012736781,3.975985050296211e-05,0.25,M/M/1/K,8,capacidad_finita_regimen_estacionario
20290635,2.5,10.0,0.25,10000.0,5,25273,25267,6,25265,0.3394345651504162,0.08588165530652193,0.13432982542606964,0.03398168419566976,0.2535529098438943,0.0002374075099908994,0.25,M/M/1/K,9,capacidad_finita_regimen_estacionario
20290726,5.0,10.0,0.5,10000.0,5,49911,49536,375,49536,0.9418726332884726,0.44620886644177343,0.19013901673297653,0.09007769429137868,0.49566376684669905,0.007513373805373565,0.5,M/M/1/K,0,capacidad_finita_regimen_estacionario
20290727,5.0,10.0,0.5,10000.0,5,49438,49077,361,49077,0.9250801329301154,0.43594814116339986,0.18849565640322663,0.08882941931320168,0.48913199176671535,0.007302075326671791,0.5,M/M/1/K,1,capacidad_finita_regimen_estacionario
20290728,5.0,10.0,0.5,10000.0,5,50023,49551,472,49550,0.9720180642105233,0.47081446594532333,0.19616797920397805,0.09501805569027716,0.5012035982652001,0.00943565959658557,0.5,M/M/1/K,2,capacidad_finita_regimen_estacionario
20290729,5.0,10.0,0.5,10000.0,5,50126,49741,385,49741,0.9487515979672686,0.45260533780134393,0.19073834421649516,0.0909924082349257,0.49614626016592467,0.007680644775166581,0.5,M/M/1/K,3,capacidad_finita_regimen_estacionario
20290730,5.0,10.0,0.5,10000.0,5,49979,49552,427,49551,0.9562894845318209,0.4587834964044472,0.19298581844481216,0.0925837085549016,0.4975059881273736,0.008543588307088977,0.5,M/M/1/K,4,capacidad_finita_regimen_estacionario
20290731,5.0,10.0,0.5,10000.0,5,50285,49893,392,49893,0.9514057094352109,0.45205356717300127,0.1906892168110178,0.09060460729420987,0.4993521422622096,0.0077955652779158795,0.5,M/M/1/K,5,capacidad_finita_regimen_estacionario
20290732,5.0,10.0,0.5,10000.0,5,50319,49932,387,49932,0.9557313820186284,0.45591517213506993,0.19140658936526245,0.09130721223565448,0.49981620988355835,0.007690931854766589,0.5,M/M/1/K,6,capacidad_finita_regimen_estacionario
20290733,5.0,10.0,0.5,10000.0,5,49994,49562,432,49562,0.9365182656749715,0.44067456743159344,0.18895893339150388,0.08891379835995188,0.49584369824337826,0.008641036924430932,0.5,M/M/1/K,7,capacidad_finita_regimen_estacionario
20290734,5.0,10.0,0.5,10000.0,5,50470,50011,459,50011,0.9538856020505162,0.4548460249252477,0.1907351586751947,0.09094919616189392,0.49903957712526853,0.009094511591044185,0.5,M/M/1/K,8,capacidad_finita_regimen_estacionario
20290735,5.0,10.0,0.5,10000.0,5,50266,49907,359,49907,0.9575509809406143,0.4589655005775643,0.19186706893634448,0.09196415344091297,0.4985854803630501,0.007142004535869176,0.5,M/M/1/K,9,capacidad_finita_regimen_estacionario
20290826,7.5,10.0,0.75,10000.0,5,75210,71202,4008,71200,1.9536793596349777,1.2389404975811655,0.2743900170816466,0.1740057783650878,0.7147388620538007,0.05329078579976067,0.75,M/M/1/K,0,capacidad_finita_regimen_estacionario
20290827,7.5,10.0,0.75,10000.0,5,75134,71270,3864,71270,1.9078359252867099,1.1964565437460832,0.2676913042355415,0.16787660218129438,0.7113793815406041,0.05142811510101951,0.75,M/M/1/K,1,capacidad_finita_regimen_estacionario
20290828,7.5,10.0,0.75,10000.0,5,74769,70982,3787,70977,1.8980783933870946,1.192630908196006,0.2674114387766229,0.16802231136375612,0.7054474851911133,0.05064933327983523,0.75,M/M/1/K,2,capacidad_finita_regimen_estacionario
20290829,7.5,10.0,0.75,10000.0,5,74824,71065,3759,71060,1.9007615210597404,1.1926617827654504,0.267473462741151,0.1678266625710765,0.7080997382942905,0.05023789158558751,0.75,M/M/1/K,3,capacidad_finita_regimen_estacionario
20290830,7.5,10.0,0.75,10000.0,5,74769,70786,3983,70782,1.9320765435718734,1.2189310275800922,0.2729400189030376,0.17219021854488703,0.7131455159917832,0.05327074054755313,0.75,M/M/1/K,4,capacidad_finita_regimen_estacionario
20290831,7.5,10.0,0.75,10000.0,5,75522,71445,4077,71440,1.9450010012158436,1.2293191460068187,0.27224490725045664,0.17206617299793825,0.71568185520904,0.053984269484388656,0.75,M/M/1/K,5,capacidad_finita_regimen_estacionario
20290832,7.5,10.0,0.75,10000.0,5,74582,70825,3757,70823,1.910068039733472,1.199795294255139,0.26968635998237944,0.1693986650290118,0.7102727454783183,0.050374084899841784,0.75,M/M/1/K,6,capacidad_finita_regimen_estacionario
20290833,7.5,10.0,0.75,10000.0,5,74896,71010,3886,71008,1.9274243249618224,1.2153398755895977,0.2714353593525377,0.17115422668446753,0.7120844493722444,0.05188528092287973,0.75,M/M/1/K,7,capacidad_finita_regimen_estacionario
20290834,7.5,10.0,0.75,10000.0,5,74858,71012,3846,71012,1.9276730708403869,1.2178825890381815,0.2714573692953853,0.17150377246636944,0.7097904818022008,0.0513772743060194,0.75,M/M/1/K,8,capacidad_finita_regimen_estacionario
20290835,7.5,10.0,0.75,10000.0,5,75601,71595,4006,71591,1.937292763322181,1.221957953602524,0.2705960094946795,0.1706781074675255,0.7153348097196709,0.0529887170804619,0.75,M/M/1/K,9,capacidad_finita_regimen_estacionario
20290926,10.0,10.0,1.0,10000.0,5,99403,85622,13781,85622,2.967787163709803,2.1120094161980063,0.34661502460929267,0.24666667634463207,0.8557777475116854,0.1386376668712212,1.0,M/M/1/K,0,capacidad_finita_regimen_estacionario
20290927,10.0,10.0,1.0,10000.0,5,100124,85827,14297,85821,3.001943058643958,2.1456151254574287,0.3497720195354628,0.24999297327809442,0.8563279331865457,0.14279293675841956,1.0,M/M/1/K,1,capacidad_finita_regimen_estacionario
20290928,10.0,10.0,1.0,10000.0,5,99948,85724,14224,85722,3.0030759969430547,2.1466885331066585,0.35032472010284826,0.25042256361487664,0.8563874638364125,0.14231400328170649,1.0,M/M/1/K,2,capacidad_finita_regimen_estacionario
20290929,10.0,10.0,1.0,10000.0,5,99687,85747,13940,85745,2.995853030907426,2.137158706145635,0.34938767461072107,0.24924471954020574,0.8586943247617688,0.13983769197588453,1.0,M/M/1/K,3,capacidad_finita_regimen_estacionario
20290930,10.0,10.0,1.0,10000.0,5,100071,85575,14496,85574,2.997588124400234,2.1398407828733657,0.35029066597744446,0.2500569677737543,0.8577473415268767,0.14485715142249003,1.0,M/M/1/K,4,capacidad_finita_regimen_estacionario
20290931,10.0,10.0,1.0,10000.0,5,99616,85707,13909,85702,2.963377651973535,2.1095354236018924,0.34575942730614245,0.24613223258967562,0.8538422283715923,0.13962616447157083,1.0,M/M/1/K,5,capacidad_finita_regimen_estacionario
20290932,10.0,10.0,1.0,10000.0,5,100334,85849,14485,85846,3.0084997976375307,2.150174098427776,0.3504429570615438,0.2504587412724286,0.8583256992097513,0.14436781150955807,1.0,M/M/1/K,6,capacidad_finita_regimen_estacionario
20290933,10.0,10.0,1.0,10000.0,5,100437,85796,14641,85792,3.00261088176381,2.1453074493342754,0.34997469728164476,0.2500470482550336,0.8573034324295155,0.14577297211187112,1.0,M/M/1/K,7,capacidad_finita_regimen_estacionario
20290934,10.0,10.0,1.0,10000.0,5,100156,85740,14416,85735,3.004441171208501,2.145641134000703,0.3504259966541451,0.25025688794149675,0.8588000372078152,0.1439354606813371,1.0,M/M/1/K,8,capacidad_finita_regimen_estacionario
20290935,10.0,10.0,1.0,10000.0,5,99643,85743,13900,85739,2.998202481962237,2.140716067059578,0.34966764298706526,0.24965782728005467,0.8574864149026402,0.13949800788816075,1.0,M/M/1/K,9,capacidad_finita_regimen_estacionario
20291026,12.5,10.0,1.25,10000.0,5,124889,93592,31297,93587,3.8430384462402114,2.909813985609014,0.4106284583542708,0.31091390652225986,0.9332244606310988,0.25059853149596845,1.25,M/M/1/K,0,capacidad_finita_regimen_estacionario
20291027,12.5,10.0,1.25,10000.0,5,125204,93399,31805,93393,3.8670027588379656,2.9315496316682177,0.4140376489212235,0.3138761975682609,0.9354531271696598,0.2540254304974282,1.25,M/M/1/K,1,capacidad_finita_regimen_estacionario
20291028,12.5,10.0,1.25,10000.0,5,124847,93204,31643,93201,3.850564953825157,2.916979991736118,0.4131440865757519,0.31297579528885516,0.9335849620891742,0.25345422797504147,1.25,M/M/1/K,2,capacidad_finita_regimen_estacionario
20291029,12.5,10.0,1.25,10000.0,5,125412,93435,31977,93433,3.8542538342965185,2.9217877455455326,0.41251098623534516,0.31271269290173875,0.932466088751066,0.25497560042101236,1.25,M/M/1/K,3,capacidad_finita_regimen_estacionario
20291030,12.5,10.0,1.25,10000.0,5,125118,93622,31496,93616,3.8611294831857483,2.9259107455059277,0.41241964722868746,0.31252194703881414,0.9352187376799608,0.2517303665339919,1.25,M/M/1/K,4,capacidad_finita_regimen_estacionario
20291031,12.5,10.0,1.25,10000.0,5,124844,93088,31756,93085,3.8587923513900297,2.9257019468501744,0.4145441175543836,0.31430408355779005,0.9330904045398646,0.25436544807920286,1.25,M/M/1/K,5,capacidad_finita_regimen_estacionario
20291032,12.5,10.0,1.25,10000.0,5,124785,93368,31417,93363,3.8436657968350185,2.913148814445237,0.4116811349502632,0.31201530100612374,0.930516982389807,0.25176904275353607,1.25,M/M/1/K,6,capacidad_finita_regimen_estacionario
20291033,12.5,10.0,1.25,10000.0,5,125282,93138,32144,93134,3.8649338232075716,2.931723696386972,0.41497804396336624,0.31477776374983746,0.9332101268205896,0.25657317092639004,1.25,M/M/1/K,7,capacidad_finita_regimen_estacionario
20291034,12.5,10.0,1.25,10000.0,5,124929,93403,31526,93397,3.8430814990608626,2.9114093131102248,0.41146161216571975,0.3117086663351207,0.9316721859506657,0.2523513355585973,1.25,M/M/1/K,8,capacidad_finita_regimen_estacionario
20291035,12.5,10.0,1.25,10000.0,5,125306,93605,31701,93600,3.8623029458079983,2.9286361146070585,0.4126264180670662,0.3128764875232118,0.9336668312008747,0.25298868370229677,1.25,M/M/1/K,9,capacidad_finita_regimen_estacionario
20300626,2.5,10.0,0.25,10000.0,10,24974,24974,0,24974,0.33204134700629145,0.08151269612937634,0.13295481180679566,0.032639023035707676,0.2505286508769151,0.0,0.25,M/M/1/K,0,capacidad_finita_regimen_estacionario
20300627,2.5,10.0,0.25,10000.0,10,25015,25015,0,25015,0.3375373979709626,0.08673375150904848,0.13493399878911158,0.03467269698542814,0.2508036464619141,0.0,0.25,M/M/1/K,1,capacidad_finita_regimen_estacionario
20300628,2.5,10.0,0.25,10000.0,10,24911,24911,0,24910,0.3285898731275952,0.07962534694158721,0.13190856131684703,0.031965213545398316,0.24896452618600798,0.0,0.25,M/M/1/K,2,capacidad_finita_regimen_estacionario
20300629,2.5,10.0,0.25,10000.0,10,25064,25064,0,25064,0.3301408553017998,0.08057326444746458,0.13171914111945413,0.03214700943483267,0.24956759085433522,0.0,0.25,M/M/1/K,3,capacidad_finita_regimen_estacionario
20300630,2.5,10.0,0.25,10000.0,10,24918,24918,0,24918,0.3282705765688108,0.08057937856251067,0.13174033893924503,0.0323378194728753,0.2476911980063001,0.0,0.25,M/M/1/K,4,capacidad_finita_regimen_estacionario
20300631,2.5,10.0,0.25,10000.0,10,24938,24938,0,24938,0.3351326011882572,0.08459450198565399,0.1343863185452952,0.03392192717365226,0.25053809920260317,0.0,0.25,M/M/1/K,5,capacidad_finita_regimen_estacionario
20300632,2.5,10.0,0.25,10000.0,10,25211,25211,0,25211,0.3345289984676786,0.0834951269389142,0.13269168159441458,0.033118530379165526,0.25103387152876433,0.0,0.25,M/M/1/K,6,capacidad_finita_regimen_estacionario
20300633,2.5,10.0,0.25,10000.0,10,24985,24985,0,24985,0.3349676947292772,0.08430162127150871,0.13406751840275252,0.03374089304443014,0.2506660734577685,0.0,0.25,M/M/1/K,7,capacidad_finita_regimen_estacionario
20300634,2.5,10.0,0.25,10000.0,10,25062,25062,0,25062,0.3429517179134956,0.08658807902294177,0.1368413206900868,0.03454954872833045,0.2563636388905538,0.0,0.25,M/M/1/K,8,capacidad_finita_regimen_estacionario
20300635,2.5,10.0,0.25,10000.0,10,25050,25050,0,25050,0.3342345144995462,0.08394975779855138,0.13342695189602644,0.03351287736469117,0.25028475670099487,0.0,0.25,M/M/1/K,9,capacidad_finita_regimen_estacionario
20300726,5.0,10.0,0.5,10000.0,10,49857,49850,7,49850,0.9743383627913552,0.47710985476338075,0.1954540346622579,0.0957090982474184,0.49722850802797475,0.00014040154842850553,0.5,M/M/1/K,0,capacidad_finita_regimen_estacionario
20300727,5.0,10.0,0.5,10000.0,10,50070,50064,6,50064,0.9826713415967366,0.4825774756272942,0.1962830260460084,0.09639211322053655,0.500093865969442,0.00011983223487118035,0.5,M/M/1/K,1,capacidad_finita_regimen_estacionario
20300728,5.0,10.0,0.5,10000.0,10,50009,49996,13,49996,0.9904443231572834,0.48900425806924014,0.19810471300849736,0.09780867630795266,0.5014400650880432,0.00025995320842248397,0.5,M/M/1/K,2,capacidad_finita_regimen_estacionario
20300729,5.0,10.0,0.5,10000.0,10,50367,50333,34,50332,1.012930845457338,0.5096495319697817,0.2012469632262145,0.10125755622065119,0.5032813134875571,0.0006750451684634781,0.5,M/M/1/K,3,capacidad_finita_regimen_estacionario
20300730,5.0,10.0,0.5,10000.0,10,50324,50318,6,50318,1.0109532752852084,0.5078959206569195,0.20091284933526923,0.10093722339061956,0.5030573546282873,0.00011922740640648597,0.5,M/M/1/K,4,capacidad_finita_regimen_estacionario
20300731,5.0,10.0,0.5,10000.0,10,50202,50186,16,50186,0.9988586987355161,0.4970612743729956,0.1990313431505831,0.09904381189435212,0.5017974243625208,0.00031871240189633877,0.5,M/M/1/K,5,capacidad_finita_regimen_estacionario
20300732,5.0,10.0,0.5,10000.0,10,50142,50124,18,50124,1.00212173729236,0.5001237321394588,0.19992852471717312,0.09977729872704869,0.5019980051529007,0.00035898049539308366,0.5,M/M/1/K,6,capacidad_finita_regimen_estacionario
20300733,5.0,10.0,0.5,10000.0,10,49919,49915,4,49915,1.0041623003128137,0.5002885447404507,0.20117445663884864,0.10022809671250141,0.5038737555723645,8.012981029267414e-05,0.5,M/M/1/K,7,capacidad_finita_regimen_estacionario
20300734,5.0,10.0,0.5,10000.0,10,50031,50011,20,50011,0.9905310776903842,0.49277618137205165,0.19806264175689028,0.09853355889145421,0.4977548963183326,0.0003997521536647279,0.5,M/M/1/K,8,capacidad_finita_regimen_estacionario
20300735,5.0,10.0,0.5,10000.0,10,49835,49825,10,49824,1.000256505215739,0.49959461195658694,0.20075679109391592,0.10027187940682943,0.5006618932591522,0.00020066218521119696,0.5,M/M/1/K,9,capacidad_finita_regimen_estacionario
20300826,7.5,10.0,0.75,10000.0,10,75060,74203,857,74200,2.6239326474667237,1.8805241356570364,0.35362386847441735,0.2534347812612934,0.7434085118096962,0.011417532640554224,0.75,M/M/1/K,0,capacidad_finita_regimen_estacionario
20300827,7.5,10.0,0.75,10000.0,10,75444,74429,1015,74425,2.723072970411219,1.9775386599726408,0.365875510619718,0.26570452868844613,0.7455343104386026,0.013453687503313716,0.75,M/M/1/K,1,capacidad_finita_regimen_estacionario
20300828,7.5,10.0,0.75,10000.0,10,74718,73957,761,73955,2.5956373075498087,1.858205861857845,0.3509724469050766,0.2512605004200799,0.7374314456919351,0.010184962124253861,0.75,M/M/1/K,2,capacidad_finita_regimen_estacionario
20300829,7.5,10.0,0.75,10000.0,10,75079,74162,917,74154,2.6434843563118893,1.8989990320784047,0.35644112999319116,0.2560441251151785,0.7444853242335222,0.012213801462459543,0.75,M/M/1/K,3,capacidad_finita_regimen_estacionario
20300830,7.5,10.0,0.75,10000.0,10,74664,73795,869,73792,2.5941883954495775,1.8564649090902319,0.3515418492462672,0.25156916285494485,0.7377234863594002,0.011638808528876032,0.75,M/M/1/K,4,capacidad_finita_regimen_estacionario
20300831,7.5,10.0,0.75,10000.0,10,74509,73708,801,73708,2.5545871308798267,1.8185296275544285,0.3465820712649663,0.2467207938832161,0.7360575033253837,0.010750379148827658,0.75,M/M/1/K,5,capacidad_finita_regimen_estacionario
20300832,7.5,10.0,0.75,10000.0,10,75130,74295,835,74287,2.622964846007476,1.8775302858494083,0.35304317627581466,0.25270117118843716,0.7454345601580461,0.01111406894715826,0.75,M/M/1/K,6,capacidad_finita_regimen_estacionario
20300833,7.5,10.0,0.75,10000.0,10,75011,74299,712,74298,2.56809642348848,1.82777698395186,0.34564685958052266,0.24600604757280922,0.7403194395365806,0.009491941181959979,0.75,M/M/1/K,7,capacidad_finita_regimen_estacionario
20300834,7.5,10.0,0.75,10000.0,10,75380,74530,850,74530,2.620866554696371,1.8777848327333166,0.3516525633565513,0.25195019894449655,0.7430817219630037,0.011276200583709206,0.75,M/M/1/K,8,capacidad_finita_regimen_estacionario
20300835,7.5,10.0,0.75,10000.0,10,74688,73831,857,73829,2.591918361792433,1.855351982105297,0.351063783230012,0.25129780746366726,0.7365663796871298,0.011474400171379606,0.75,M/M/1/K,9,capacidad_finita_regimen_estacionario
20300926,10.0,10.0,1.0,10000.0,10,100316,92004,8312,92002,5.442944792910771,4.527811563991001,0.5916060146236195,0.492137205968056,0.9151332289197605,0.08285816818852426,1.0,M/M/1/K,0,capacidad_finita_regimen_estacionario
20300927,10.0,10.0,1.0,10000.0,10,100230,91937,8293,91932,5.456352573816162,4.5412703093863085,0.5935122371861792,0.4939758949085745,0.9150822644299005,0.08273969869300608,1.0,M/M/1/K,1,capacidad_finita_regimen_estacionario
20300928,10.0,10.0,1.0,10000.0,10,99625,91856,7769,91855,5.372837946701638,4.461005951936311,0.5849256316643251,0.48565738957447113,0.9118319947653063,0.07798243412797992,1.0,M/M/1/K,2,capacidad_finita_regimen_estacionario
20300929,10.0,10.0,1.0,10000.0,10,99872,91714,8158,91705,5.469679978844579,4.553001336640397,0.5963719990264046,0.49641310698362257,0.9166786422041481,0.08168455623197693,1.0,M/M/1/K,3,capacidad_finita_regimen_estacionario
20300930,10.0,10.0,1.0,10000.0,10,100472,91662,8810,91660,5.573812065317647,4.655664004890263,0.6080810821843373,0.5079124902020441,0.9181480604274029,0.08768612150648937,1.0,M/M/1/K,4,capacidad_finita_regimen_estacionario
20300931,10.0,10.0,1.0,10000.0,10,100102,91790,8312,91785,5.454915784308969,4.542177910403414,0.5943026892719296,0.49486121213901774,0.9127378739055675,0.08303530398993027,1.0,M/M/1/K,5,capacidad_finita_regimen_estacionario
20300932,10.0,10.0,1.0,10000.0,10,100598,91563,9035,91555,5.551985372863932,4.63621498296573,0.6063906394598668,0.5063670620015964,0.9157703898981701,0.08981291874589951,1.0,M/M/1/K,6,capacidad_finita_regimen_estacionario
20300933,10.0,10.0,1.0,10000.0,10,100235,91823,8412,91814,5.5320960201564615,4.612302902300182,0.6024682514278725,0.502290374148562,0.9197931178561559,0.08392278146356064,1.0,M/M/1/K,7,capacidad_finita_regimen_estacionario
20300934,10.0,10.0,1.0,10000.0,10,100512,91824,8688,91824,5.5655645299900955,4.6470460329267596,0.6061121852663792,0.5060818558248992,0.9185184970633276,0.08643744030563515,1.0,M/M/1/K,8,capacidad_finita_regimen_estacionario
20300935,10.0,10.0,1.0,10000.0,10,99813,91832,7981,91829,5.430148940235672,4.5156822055741355,0.591324889482783,0.49174271477906123,0.914466734661418,0.07995952431046056,1.0,M/M/1/K,9,capacidad_finita_regimen_estacionario
20301026,12.5,10.0,1.25,10000.0,10,125520,98296,27224,98285,7.911160935460031,6.928124637833187,0.8048580477815055,0.7048406478670878,0.9830362976269024,0.21688973868706182,1.25,M/M/1/K,0,capacidad_finita_regimen_estacionario
20301027,12.5,10.0,1.25,10000.0,10,125711,98429,27282,98420,7.91197774508136,6.929648947295903,0.8038591233326136,0.7040498705378229,0.9823287977855851,0.21702158124587348,1.25,M/M/1/K,1,capacidad_finita_regimen_estacionario
20301028,12.5,10.0,1.25,10000.0,10,125157,97732,27425,97726,7.906734384639692,6.926096291468944,0.809049116333929,0.7087043837609328,0.9806380931710184,0.2191247792772278,1.25,M/M/1/K,2,capacidad_finita_regimen_estacionario
20301029,12.5,10.0,1.25,10000.0,10,125012,98429,26583,98421,7.886508794486441,6.903662926289918,0.801224341463112,0.7013629839243405,0.9828458681964437,0.2126435862157233,1.25,M/M/1/K,3,capacidad_finita_regimen_estacionario
20301030,12.5,10.0,1.25,10000.0,10,124710,98138,26572,98129,7.907577690607577,6.926328733942621,0.8057707720866795,0.705776761766956,0.981248956665132,0.2130703231497073,1.25,M/M/1/K,4,capacidad_finita_regimen_estacionario
20301031,12.5,10.0,1.25,10000.0,10,124117,97626,26491,97615,7.835682214501357,6.8558377531271235,0.8026683893638578,0.7022914544587702,0.9798444613742923,0.21343570985441157,1.25,M/M/1/K,5,capacidad_finita_regimen_estacionario
20301032,12.5,10.0,1.25,10000.0,10,124848,98383,26465,98374,7.848571897560418,6.868030141252681,0.7977809730182961,0.6981062144816437,0.9805417563077296,0.21197776496219403,1.25,M/M/1/K,6,capacidad_finita_regimen_estacionario
20301033,12.5,10.0,1.25,10000.0,10,125378,98591,26787,98580,7.883960000649472,6.90221654991541,0.7996843474943734,0.7000992765209729,0.9817434507339065,0.2136499226339549,1.25,M/M/1/K,7,capacidad_finita_regimen_estacionario
20301034,12.5,10.0,1.25,10000.0,10,125424,98102,27322,98098,7.890925900734865,6.909951091579828,0.8043813107480555,0.7043826225409475,0.9809748091551003,0.21783709656843986,1.25,M/M/1/K,8,capacidad_finita_regimen_estacionario
20301035,12.5,10.0,1.25,10000.0,10,124778,98503,26275,98501,7.831484303106533,6.85066045535974,0.7950644856591466,0.6954909560261258,0.9808238477469428,0.210573979387392,1.25,M/M/1/K,9,capacidad_finita_regimen_estacionario
20310626,2.5,10.0,0.25,10000.0,50,25062,25062,0,25061,0.33619541198864444,0.08441858221669078,0.1341504217128076,0.03368524089888304,0.25177682977195365,0.0,0.25,M/M/1/K,0,capacidad_finita_regimen_estacionario
20310627,2.5,10.0,0.25,10000.0,50,24901,24901,0,24901,0.33468461429697866,0.08509693928338274,0.1344060938504392,0.03417410516982561,0.24958767501359588,0.0,0.25,M/M/1/K,1,capacidad_finita_regimen_estacionario
20310628,2.5,10.0,0.25,10000.0,50,24997,24997,0,24997,0.3330228534581219,0.08171467760655936,0.13322512839865658,0.03268979381788189,0.25130817585156245,0.0,0.25,M/M/1/K,2,capacidad_finita_regimen_estacionario
20310629,2.5,10.0,0.25,10000.0,50,25020,25020,0,25019,0.3303559947313854,0.08009264230735721,0.13203326477519334,0.03201272725023271,0.2502633524240281,0.0,0.25,M/M/1/K,3,capacidad_finita_regimen_estacionario
20310630,2.5,10.0,0.25,10000.0,50,24704,24704,0,24704,0.33007189748906246,0.08468945010091829,0.13361070979965287,0.03428167507323441,0.24538244738814416,0.0,0.25,M/M/1/K,4,capacidad_finita_regimen_estacionario
20310631,2.5,10.0,0.25,10000.0,50,25158,25158,0,25158,0.3391280855767991,0.08615832426089073,0.13479930263804715,0.034246889363578475,0.2529697613159083,0.0,0.25,M/M/1/K,5,capacidad_finita_regimen_estacionario
20310632,2.5,10.0,0.25,10000.0,50,25146,25146,0,25146,0.34083866538507857,0.08807289055871494,0.1355438898373811,0.03502461248656444,0.25276577482636364,0.0,0.25,M/M/1/K,6,capacidad_finita_regimen_estacionario
20310633,2.5,10.0,0.25,10000.0,50,24957,24957,0,24957,0.3316121214157979,0.08056542627958131,0.13287339079849256,0.03228169502727944,0.2510466951362166,0.0,0.25,M/M/1/K,7,capacidad_finita_regimen_estacionario
20310634,2.5,10.0,0.25,10000.0,50,25029,25029,0,25029,0.3288316692125486,0.08005843401961439,0.13138026657579152,0.03198626953518494,0.24877323519293423,0.0,0.25,M/M/1/K,8,capacidad_finita_regimen_estacionario
20310635,2.5,10.0,0.25,10000.0,50,25201,25201,0,25201,0.332708639482253,0.08188816393817416,0.13202199892157174,0.032494013705080815,0.2508204755440788,0.0,0.25,M/M/1/K,9,capacidad_finita_regimen_estacionario
20310726,5.0,10.0,0.5,10000.0,50,49959,49959,0,49959,0.9962835710058991,0.4966306592021408,0.1994202387969934,0.09940764611023854,0.499652911803758,0.0,0.5,M/M/1/K,0,capacidad_finita_regimen_estacionario
20310727,5.0,10.0,0.5,10000.0,50,50262,50262,0,50262,1.0014314592855298,0.4991054375104985,0.1992422624021191,0.09930075156390485,0.5023260217750323,0.0,0.5,M/M/1/K,1,capacidad_finita_regimen_estacionario
20310728,5.0,10.0,0.5,10000.0,50,49901,49901,0,49900,0.998862736709403,0.4973990109360237,0.20017251670678038,0.09967916050822118,0.5014637257733794,0.0,0.5,M/M/1/K,2,capacidad_finita_regimen_estacionario
20310729,5.0,10.0,0.5,10000.0,50,49999,49999,0,49995,0.9900410682233985,0.4895870453861998,0.19801911978921002,0.09791888075149288,0.5004540228371988,0.0,0.5,M/M/1/K,3,capacidad_finita_regimen_estacionario
20310730,5.0,10.0,0.5,10000.0,50,49866,49866,0,49866,0.9928193862350041,0.4932591962665797,0.19909745843560825,0.09891693664352057,0.4995601899684242,0.0,0.5,M/M/1/K,4,capacidad_finita_regimen_estacionario
20310731,5.0,10.0,0.5,10000.0,50,50116,50116,0,50115,1.0134498949541026,0.5118555206926636,0.2022209824090665,0.10213257724331576,0.5015943742614388,0.0,0.5,M/M/1/K,5,capacidad_finita_regimen_estacionario
20310732,5.0,10.0,0.5,10000.0,50,50069,50069,0,50067,1.009836607846049,0.504592912417841,0.20169119934461205,0.10077974073219577,0.5052436954282057,0.0,0.5,M/M/1/K,6,capacidad_finita_regimen_estacionario
20310733,5.0,10.0,0.5,10000.0,50,50124,50124,0,50122,0.9775203439726358,0.482681228677317,0.1950271029155429,0.09630091484292645,0.4948391152953189,0.0,0.5,M/M/1/K,7,capacidad_finita_regimen_estacionario
20310734,5.0,10.0,0.5,10000.0,50,50231,50231,0,50229,0.9926682461172881,0.49493900131843893,0.19762497311310323,0.09853308606289819,0.49772924479884895,0.0,0.5,M/M/1/K,8,capacidad_finita_regimen_estacionario
20310735,5.0,10.0,0.5,10000.0,50,49798,49798,0,49798,0.9856635427892388,0.4884177066266202,0.19793235527315126,0.09807978365127519,0.49724583616261864,0.0,0.5,M/M/1/K,9,capacidad_finita_regimen_estacionario
20310826,7.5,10.0,0.75,10000.0,50,75279,75279,0,75271,3.0543993907663913,2.299726946261439,0.40577174552515677,0.3055114318822487,0.7546724445049334,0.0,0.75,M/M/1/K,0,capacidad_finita_regimen_estacionario
20310827,7.5,10.0,0.75,10000.0,50,75617,75617,0,75614,3.1294438667511995,2.371963031316196,0.41386887245873916,0.3136924851024747,0.7574808354350067,0.0,0.75,M/M/1/K,1,capacidad_finita_regimen_estacionario
20310828,7.5,10.0,0.75,10000.0,50,75322,75322,0,75320,3.1029268497367037,2.3473896394862246,0.4119639589974452,0.31165493314034004,0.7555372102504537,0.0,0.75,M/M/1/K,2,capacidad_finita_regimen_estacionario
20310829,7.5,10.0,0.75,10000.0,50,74827,74827,0,74827,2.9538822516563914,2.205426816176517,0.3947615501966352,0.2947367683024212,0.7484554354798484,0.0,0.75,M/M/1/K,3,capacidad_finita_regimen_estacionario
20310830,7.5,10.0,0.75,10000.0,50,74377,74377,0,74370,2.82474111532439,2.0843162668310877,0.3798098772248382,0.2802517628205944,0.74042484849332,0.0,0.75,M/M/1/K,4,capacidad_finita_regimen_estacionario
20310831,7.5,10.0,0.75,10000.0,50,74803,74803,0,74800,3.0563419774837297,2.3051660552230273,0.4085971996654523,0.3081733146842749,0.7511759222606835,0.0,0.75,M/M/1/K,5,capacidad_finita_regimen_estacionario
20310832,7.5,10.0,0.75,10000.0,50,74953,74953,0,74947,3.0114250811316716,2.2607871256595327,0.40177687028796505,0.30162171839495516,0.7506379554720954,0.0,0.75,M/M/1/K,6,capacidad_finita_regimen_estacionario
20310833,7.5,10.0,0.75,10000.0,50,74680,74680,0,74674,3.029662817183703,2.2807959130191024,0.40568983601041364,0.3054060680518751,0.7488669041646113,0.0,0.75,M/M/1/K,7,capacidad_finita_regimen_estacionario
20310834,7.5,10.0,0.75,10000.0,50,74647,74647,0,74646,2.990646966359773,2.2448093660167587,0.40064348176778325,0.30072717074507216,0.7458376003429934,0.0,0.75,M/M/1/K,8,capacidad_finita_regimen_estacionario
20310835,7.5,10.0,0.75,10000.0,50,75358,75358,0,75357,2.9967891096419166,2.2441042549250225,0.3976731805381858,0.29779073403771755,0.7526848547168749,0.0,0.75,M/M/1/K,9,capacidad_finita_regimen_estacionario
20310926,10.0,10.0,1.0,10000.0,50,100540,97978,2562,97937,27.79820397339898,26.813324612848856,2.837394432548075,2.736831956981554,0.9848793605503022,0.025482395066640143,1.0,M/M/1/K,0,capacidad_finita_regimen_estacionario
20310927,10.0,10.0,1.0,10000.0,50,99879,97995,1884,97950,24.008386370151083,23.033026446787314,2.4501080848066215,2.350531325260482,0.9753599233641258,0.018862824017060645,1.0,M/M/1/K,1,capacidad_finita_regimen_estacionario
20310928,10.0,10.0,1.0,10000.0,50,99713,97906,1807,97883,24.21508672488227,23.237620684717804,2.473550126390186,2.3736903873540176,0.9774660401645276,0.018122010169185562,1.0,M/M/1/K,2,capacidad_finita_regimen_estacionario
20310929,10.0,10.0,1.0,10000.0,50,100567,98092,2475,98084,28.896646388793528,27.91009805475856,2.946077581604891,2.8454968013489164,0.9865483340353377,0.024610458699175674,1.0,M/M/1/K,3,capacidad_finita_regimen_estacionario
20310930,10.0,10.0,1.0,10000.0,50,99831,97880,1951,97850,24.61880378437013,23.641425901233447,2.515632871404062,2.4157482539394723,0.9773778831363715,0.019543027716841462,1.0,M/M/1/K,4,capacidad_finita_regimen_estacionario
20310931,10.0,10.0,1.0,10000.0,50,100094,98459,1635,98456,25.229880159215124,24.248961132128226,2.5625402380869198,2.462910897662987,0.9809190270871013,0.016334645433292706,1.0,M/M/1/K,5,capacidad_finita_regimen_estacionario
20310932,10.0,10.0,1.0,10000.0,50,100291,98140,2151,98102,25.352071185600842,24.375589044878513,2.5834856135323587,2.4839488471768223,0.9764821407213745,0.02144758752031588,1.0,M/M/1/K,6,capacidad_finita_regimen_estacionario
20310933,10.0,10.0,1.0,10000.0,50,99911,97950,1961,97932,26.22477430582761,25.24394804627737,2.677700826579923,2.57754728955384,0.980826259550125,0.01962746844691776,1.0,M/M/1/K,7,capacidad_finita_regimen_estacionario
20310934,10.0,10.0,1.0,10000.0,50,100093,98491,1602,98476,24.750018082045788,23.76915765225396,2.5131395751515067,2.4135365276268432,0.9808604297913688,0.016005115242824174,1.0,M/M/1/K,8,capacidad_finita_regimen_estacionario
20310935,10.0,10.0,1.0,10000.0,50,100264,98374,1890,98330,26.839376047568738,25.85594588639974,2.728359905538649,2.6283466753183116,0.9834301611687734,0.018850235378600495,1.0,M/M/1/K,9,capacidad_finita_regimen_estacionario
20311026,12.5,10.0,1.25,10000.0,50,125181,100069,25112,100018,46.97766629383231,45.9776696821648,4.695797586134173,4.5958224538221435,0.9999966116678343,0.2006055232024029,1.25,M/M/1/K,0,capacidad_finita_regimen_estacionario
20311027,12.5,10.0,1.25,10000.0,50,124740,99890,24850,99840,47.107309835334505,46.10732516736621,4.716955887644771,4.61679799406075,0.9999846679690836,0.19921436588103256,1.25,M/M/1/K,1,capacidad_finita_regimen_estacionario
20311028,12.5,10.0,1.25,10000.0,50,124660,99608,25052,99564,46.911946030294246,45.91195914451243,4.710868778255898,4.610432740590143,0.9999868857810623,0.2009626183218354,1.25,M/M/1/K,2,capacidad_finita_regimen_estacionario
20311029,12.5,10.0,1.25,10000.0,50,124983,100088,24895,100039,47.030362643754586,46.03036396380168,4.6998131989154315,4.5998531301074905,0.9999986799531507,0.1991870894441644,1.25,M/M/1/K,3,capacidad_finita_regimen_estacionario
20311030,12.5,10.0,1.25,10000.0,50,125309,99568,25741,99519,47.144917581744394,46.144917888881096,4.7362693358639545,4.635786611506109,0.9999996928638871,0.20542020126247915,1.25,M/M/1/K,4,capacidad_finita_regimen_estacionario
20311031,12.5,10.0,1.25,10000.0,50,125090,100286,24804,100242,47.04544368426831,46.04545831549763,4.692391636545463,4.592634975178146,0.9999853687691875,0.19828923175313773,1.25,M/M/1/K,5,capacidad_finita_regimen_estacionario
20311032,12.5,10.0,1.25,10000.0,50,124687,99723,24964,99675,47.00385934436207,46.00398762351187,4.71452792761057,4.614215653599834,0.9998717208503862,0.20021333418880877,1.25,M/M/1/K,6,capacidad_finita_regimen_estacionario
20311033,12.5,10.0,1.25,10000.0,50,124938,100153,24785,100103,46.93425693291946,45.934265609779196,4.6872978298799675,4.587401701660821,0.9999913231401093,0.19837839568425938,1.25,M/M/1/K,7,capacidad_finita_regimen_estacionario
20311034,12.5,10.0,1.25,10000.0,50,124924,100577,24347,100528,46.899736779209924,45.89988565859977,4.664330442178636,4.564870863662813,0.9998511206093661,0.19489449585347893,1.25,M/M/1/K,8,capacidad_finita_regimen_estacionario
20311035,12.5,10.0,1.25,10000.0,50,125074,99862,25212,99811,47.0428465303479,46.0428843849798,4.711763364209515,4.6115798046899235,0.999962145368722,0.20157666661336487,1.25,M/M/1/K,9,capacidad_finita_regimen_estacionario
